experiment_id,dataset,model,beta,corruption,severity,accuracy,mean_confidence,mean_entropy
cifar10_cnn_baseline,cifar10,cnn,0.0,gaussian,0.0,0.702,0.7349913900375367,0.7284223861694336
cifar10_cnn_baseline,cifar10,cnn,0.0,gaussian,0.1,0.5444,0.6969585990905762,0.8655020324707031
cifar10_cnn_baseline,cifar10,cnn,0.0,gaussian,0.2,0.3591,0.6858812097549438,0.9118292150497437
cifar10_cnn_baseline,cifar10,cnn,0.0,gaussian,0.3,0.2538,0.6671562177658081,0.9182715657234192
cifar10_cnn_baseline,cifar10,cnn,0.0,gaussian,0.4,0.1985,0.6626041122436523,0.8959177165985107
cifar10_cnn_baseline,cifar10,cnn,0.0,salt_pepper,0.0,0.702,0.7349913900375367,0.7284223861694336
cifar10_cnn_baseline,cifar10,cnn,0.0,salt_pepper,0.1,0.5473,0.6876380491256714,0.8935186905860901
cifar10_cnn_baseline,cifar10,cnn,0.0,salt_pepper,0.2,0.4206,0.6848948693275452,0.9182395390510559
cifar10_cnn_baseline,cifar10,cnn,0.0,salt_pepper,0.3,0.3477,0.6814063577651978,0.926204997253418
cifar10_cnn_baseline,cifar10,cnn,0.0,salt_pepper,0.4,0.2995,0.6728690270423889,0.9331144367218017
cifar10_cnn_baseline,cifar10,cnn,0.0,blur,0.0,0.702,0.7349913900375367,0.7284223861694336
cifar10_cnn_baseline,cifar10,cnn,0.0,blur,0.1,0.4818,0.6415498585700988,0.9569950857162476
cifar10_cnn_baseline,cifar10,cnn,0.0,blur,0.2,0.4818,0.6415498585700988,0.9569950857162476
cifar10_cnn_baseline,cifar10,cnn,0.0,blur,0.3,0.3328,0.5709303972244263,1.133679916000366
cifar10_cnn_baseline,cifar10,cnn,0.0,blur,0.4,0.3328,0.5709303972244263,1.133679916000366
cifar10_cnn_baseline,cifar10,cnn,0.0,contrast,0.0,0.702,0.7349913900375367,0.7284223861694336
cifar10_cnn_baseline,cifar10,cnn,0.0,contrast,0.1,0.6956,0.7178708850860596,0.7764372562408447
cifar10_cnn_baseline,cifar10,cnn,0.0,contrast,0.2,0.6766,0.695652523612976,0.8377173759460449
cifar10_cnn_baseline,cifar10,cnn,0.0,contrast,0.3,0.6484,0.6662927737236023,0.9163291139602661
cifar10_cnn_baseline,cifar10,cnn,0.0,contrast,0.4,0.5901,0.6278944553375244,1.0126813081741333
cifar10_vib_beta_0,cifar10,vib,0.0,gaussian,0.0,0.6935,0.7359814536094665,0.7346802465438843
cifar10_vib_beta_0,cifar10,vib,0.0,gaussian,0.1,0.5222,0.6890283220291138,0.8895507891654968
cifar10_vib_beta_0,cifar10,vib,0.0,gaussian,0.2,0.3186,0.6865633173942566,0.9423563537597657
cifar10_vib_beta_0,cifar10,vib,0.0,gaussian,0.3,0.2201,0.6918462410926819,0.916739024925232
cifar10_vib_beta_0,cifar10,vib,0.0,gaussian,0.4,0.1767,0.6930676421165466,0.8960537864685059
cifar10_vib_beta_0,cifar10,vib,0.0,salt_pepper,0.0,0.6935,0.7359814536094665,0.7346802465438843
cifar10_vib_beta_0,cifar10,vib,0.0,salt_pepper,0.1,0.5157,0.6817420875549316,0.9120174095153809
cifar10_vib_beta_0,cifar10,vib,0.0,salt_pepper,0.2,0.3828,0.6793438468933105,0.9472952848434448
cifar10_vib_beta_0,cifar10,vib,0.0,salt_pepper,0.3,0.3032,0.6847849013328552,0.9475702507019043
cifar10_vib_beta_0,cifar10,vib,0.0,salt_pepper,0.4,0.2604,0.6885759110450744,0.9394763566970825
cifar10_vib_beta_0,cifar10,vib,0.0,blur,0.0,0.6935,0.7359814536094665,0.7346802465438843
cifar10_vib_beta_0,cifar10,vib,0.0,blur,0.1,0.5143,0.6236909887313843,1.01232882270813
cifar10_vib_beta_0,cifar10,vib,0.0,blur,0.2,0.5143,0.6236909887313843,1.01232882270813
cifar10_vib_beta_0,cifar10,vib,0.0,blur,0.3,0.3324,0.5469842460632324,1.1725209109306336
cifar10_vib_beta_0,cifar10,vib,0.0,blur,0.4,0.3324,0.5469842460632324,1.1725209109306336
cifar10_vib_beta_0,cifar10,vib,0.0,contrast,0.0,0.6935,0.7359814536094665,0.7346802465438843
cifar10_vib_beta_0,cifar10,vib,0.0,contrast,0.1,0.6859,0.7171556263923645,0.7871646110534668
cifar10_vib_beta_0,cifar10,vib,0.0,contrast,0.2,0.6673,0.6920799283981324,0.8544371887207032
cifar10_vib_beta_0,cifar10,vib,0.0,contrast,0.3,0.6305,0.6604557329177857,0.9403091674804688
cifar10_vib_beta_0,cifar10,vib,0.0,contrast,0.4,0.5749,0.620842921257019,1.0432776624679565
cifar10_vib_beta_1em05,cifar10,vib,1e-05,gaussian,0.0,0.6959,0.7375197427749633,0.732922758769989
cifar10_vib_beta_1em05,cifar10,vib,1e-05,gaussian,0.1,0.5368,0.7003438199996949,0.855686159324646
cifar10_vib_beta_1em05,cifar10,vib,1e-05,gaussian,0.2,0.3692,0.6684463787078857,0.978241424369812
cifar10_vib_beta_1em05,cifar10,vib,1e-05,gaussian,0.3,0.2558,0.6413162418365479,1.0286796263694764
cifar10_vib_beta_1em05,cifar10,vib,1e-05,gaussian,0.4,0.1832,0.6458590591430664,0.9934296741485595
cifar10_vib_beta_1em05,cifar10,vib,1e-05,salt_pepper,0.0,0.6959,0.7375197427749633,0.732922758769989
cifar10_vib_beta_1em05,cifar10,vib,1e-05,salt_pepper,0.1,0.5295,0.6933767122268677,0.8784202429771424
cifar10_vib_beta_1em05,cifar10,vib,1e-05,salt_pepper,0.2,0.424,0.6797659439086914,0.9375706594467164
cifar10_vib_beta_1em05,cifar10,vib,1e-05,salt_pepper,0.3,0.3523,0.6651635951042175,0.9853559028625488
cifar10_vib_beta_1em05,cifar10,vib,1e-05,salt_pepper,0.4,0.3072,0.6494387022018433,1.0236025592803955
cifar10_vib_beta_1em05,cifar10,vib,1e-05,blur,0.0,0.6959,0.7375197427749633,0.732922758769989
cifar10_vib_beta_1em05,cifar10,vib,1e-05,blur,0.1,0.5314,0.6158126504898072,1.0310147629737854
cifar10_vib_beta_1em05,cifar10,vib,1e-05,blur,0.2,0.5314,0.6158126504898072,1.0310147629737854
cifar10_vib_beta_1em05,cifar10,vib,1e-05,blur,0.3,0.3429,0.540718939781189,1.2042664923667907
cifar10_vib_beta_1em05,cifar10,vib,1e-05,blur,0.4,0.3429,0.540718939781189,1.2042664923667907
cifar10_vib_beta_1em05,cifar10,vib,1e-05,contrast,0.0,0.6959,0.7375197427749633,0.732922758769989
cifar10_vib_beta_1em05,cifar10,vib,1e-05,contrast,0.1,0.6868,0.7208996627807617,0.7813753950119019
cifar10_vib_beta_1em05,cifar10,vib,1e-05,contrast,0.2,0.6688,0.6983668557167053,0.8444416319847107
cifar10_vib_beta_1em05,cifar10,vib,1e-05,contrast,0.3,0.6324,0.6681455331802368,0.9267588066101075
cifar10_vib_beta_1em05,cifar10,vib,1e-05,contrast,0.4,0.5787,0.630838740825653,1.0247120849609375
cifar10_vib_beta_3em05,cifar10,vib,3e-05,gaussian,0.0,0.6885,0.7406892815589905,0.7291129875183106
cifar10_vib_beta_3em05,cifar10,vib,3e-05,gaussian,0.1,0.5228,0.6985232908248902,0.8665877103805542
cifar10_vib_beta_3em05,cifar10,vib,3e-05,gaussian,0.2,0.3446,0.6837384769439697,0.9384201253890991
cifar10_vib_beta_3em05,cifar10,vib,3e-05,gaussian,0.3,0.2495,0.6661862370491027,0.9561396605491638
cifar10_vib_beta_3em05,cifar10,vib,3e-05,gaussian,0.4,0.1994,0.6547063116073608,0.9470526164054871
cifar10_vib_beta_3em05,cifar10,vib,3e-05,salt_pepper,0.0,0.6885,0.7406892815589905,0.7291129875183106
cifar10_vib_beta_3em05,cifar10,vib,3e-05,salt_pepper,0.1,0.517,0.6874634490966797,0.8970427023887634
cifar10_vib_beta_3em05,cifar10,vib,3e-05,salt_pepper,0.2,0.3995,0.6807633596420288,0.9374705883026123
cifar10_vib_beta_3em05,cifar10,vib,3e-05,salt_pepper,0.3,0.3316,0.679997536945343,0.9464769626617432
cifar10_vib_beta_3em05,cifar10,vib,3e-05,salt_pepper,0.4,0.2854,0.6745718023300171,0.9558878681182862
cifar10_vib_beta_3em05,cifar10,vib,3e-05,blur,0.0,0.6885,0.7406892815589905,0.7291129875183106
cifar10_vib_beta_3em05,cifar10,vib,3e-05,blur,0.1,0.5282,0.6315141716003418,0.9956745338439942
cifar10_vib_beta_3em05,cifar10,vib,3e-05,blur,0.2,0.5282,0.6315141716003418,0.9956745338439942
cifar10_vib_beta_3em05,cifar10,vib,3e-05,blur,0.3,0.3409,0.5584394777297974,1.1720083585739136
cifar10_vib_beta_3em05,cifar10,vib,3e-05,blur,0.4,0.3409,0.5584394777297974,1.1720083585739136
cifar10_vib_beta_3em05,cifar10,vib,3e-05,contrast,0.0,0.6885,0.7406892815589905,0.7291129875183106
cifar10_vib_beta_3em05,cifar10,vib,3e-05,contrast,0.1,0.6831,0.7225125597000122,0.7812266166687012
cifar10_vib_beta_3em05,cifar10,vib,3e-05,contrast,0.2,0.66,0.6994545512199402,0.8463217348098755
cifar10_vib_beta_3em05,cifar10,vib,3e-05,contrast,0.3,0.6311,0.6695558003425598,0.9270286670684814
cifar10_vib_beta_3em05,cifar10,vib,3e-05,contrast,0.4,0.575,0.6329925507545471,1.0192630296707152
cifar10_vib_beta_0_0001,cifar10,vib,0.0001,gaussian,0.0,0.7036,0.7466411354064941,0.7051426029205322
cifar10_vib_beta_0_0001,cifar10,vib,0.0001,gaussian,0.1,0.5684,0.6907310680389405,0.8835656867027283
cifar10_vib_beta_0_0001,cifar10,vib,0.0001,gaussian,0.2,0.3581,0.6448808809280395,1.017232502555847
cifar10_vib_beta_0_0001,cifar10,vib,0.0001,gaussian,0.3,0.2389,0.6361558128356933,0.988848794746399
cifar10_vib_beta_0_0001,cifar10,vib,0.0001,gaussian,0.4,0.1815,0.6568301292419434,0.9016985927581788
cifar10_vib_beta_0_0001,cifar10,vib,0.0001,salt_pepper,0.0,0.7036,0.7466411354064941,0.7051426029205322
cifar10_vib_beta_0_0001,cifar10,vib,0.0001,salt_pepper,0.1,0.5521,0.6839057476997376,0.9053178134918213
cifar10_vib_beta_0_0001,cifar10,vib,0.0001,salt_pepper,0.2,0.4271,0.660786346244812,0.9831631834030151
cifar10_vib_beta_0_0001,cifar10,vib,0.0001,salt_pepper,0.3,0.3457,0.6438262175559998,1.0214738954544067
cifar10_vib_beta_0_0001,cifar10,vib,0.0001,salt_pepper,0.4,0.2887,0.630541386604309,1.0326366062164307
cifar10_vib_beta_0_0001,cifar10,vib,0.0001,blur,0.0,0.7036,0.7466411354064941,0.7051426029205322
cifar10_vib_beta_0_0001,cifar10,vib,0.0001,blur,0.1,0.5296,0.6356459650039673,0.9791290955543518
cifar10_vib_beta_0_0001,cifar10,vib,0.0001,blur,0.2,0.5296,0.6356459650039673,0.9791290955543518
cifar10_vib_beta_0_0001,cifar10,vib,0.0001,blur,0.3,0.3362,0.5616736878395081,1.145813183784485
cifar10_vib_beta_0_0001,cifar10,vib,0.0001,blur,0.4,0.3362,0.5616736878395081,1.145813183784485
cifar10_vib_beta_0_0001,cifar10,vib,0.0001,contrast,0.0,0.7036,0.7466411354064941,0.7051426029205322
cifar10_vib_beta_0_0001,cifar10,vib,0.0001,contrast,0.1,0.6974,0.7303681211471558,0.7503293707847595
cifar10_vib_beta_0_0001,cifar10,vib,0.0001,contrast,0.2,0.677,0.7084199861526489,0.8089582736015319
cifar10_vib_beta_0_0001,cifar10,vib,0.0001,contrast,0.3,0.6403,0.6799120771408081,0.8850917862892151
cifar10_vib_beta_0_0001,cifar10,vib,0.0001,contrast,0.4,0.5793,0.6440719659805297,0.9775452930450439
cifar10_vib_beta_0_0003,cifar10,vib,0.0003,gaussian,0.0,0.6942,0.7447587290763855,0.7173900590896607
cifar10_vib_beta_0_0003,cifar10,vib,0.0003,gaussian,0.1,0.5334,0.689232703590393,0.8911651591300964
cifar10_vib_beta_0_0003,cifar10,vib,0.0003,gaussian,0.2,0.3494,0.6567101306915283,1.0237925716400147
cifar10_vib_beta_0_0003,cifar10,vib,0.0003,gaussian,0.3,0.2499,0.6318981282234192,1.077129568862915
cifar10_vib_beta_0_0003,cifar10,vib,0.0003,gaussian,0.4,0.2016,0.6224858951568604,1.0844035482406615
cifar10_vib_beta_0_0003,cifar10,vib,0.0003,salt_pepper,0.0,0.6942,0.7447587290763855,0.7173900590896607
cifar10_vib_beta_0_0003,cifar10,vib,0.0003,salt_pepper,0.1,0.5288,0.676400945186615,0.9343443887710571
cifar10_vib_beta_0_0003,cifar10,vib,0.0003,salt_pepper,0.2,0.4132,0.6551423286437988,1.014983214187622
cifar10_vib_beta_0_0003,cifar10,vib,0.0003,salt_pepper,0.3,0.3382,0.6457146259307861,1.0526043533325196
cifar10_vib_beta_0_0003,cifar10,vib,0.0003,salt_pepper,0.4,0.2962,0.6363335971832276,1.0762160266876222
cifar10_vib_beta_0_0003,cifar10,vib,0.0003,blur,0.0,0.6942,0.7447587290763855,0.7173900590896607
cifar10_vib_beta_0_0003,cifar10,vib,0.0003,blur,0.1,0.5086,0.6377675329208374,0.9933227601051331
cifar10_vib_beta_0_0003,cifar10,vib,0.0003,blur,0.2,0.5086,0.6377675329208374,0.9933227601051331
cifar10_vib_beta_0_0003,cifar10,vib,0.0003,blur,0.3,0.3151,0.5749709121704102,1.1449726229667663
cifar10_vib_beta_0_0003,cifar10,vib,0.0003,blur,0.4,0.3151,0.5749709121704102,1.1449726229667663
cifar10_vib_beta_0_0003,cifar10,vib,0.0003,contrast,0.0,0.6942,0.7447587290763855,0.7173900590896607
cifar10_vib_beta_0_0003,cifar10,vib,0.0003,contrast,0.1,0.6838,0.7310408361434937,0.7577976558685303
cifar10_vib_beta_0_0003,cifar10,vib,0.0003,contrast,0.2,0.6598,0.710769222831726,0.8129468079566956
cifar10_vib_beta_0_0003,cifar10,vib,0.0003,contrast,0.3,0.6229,0.6829390127182007,0.8871910492897034
cifar10_vib_beta_0_0003,cifar10,vib,0.0003,contrast,0.4,0.5607,0.6482352174758911,0.9777738956451416
cifar10_vib_beta_0_001,cifar10,vib,0.001,gaussian,0.0,0.7013,0.7526539873123169,0.6976442844390869
cifar10_vib_beta_0_001,cifar10,vib,0.001,gaussian,0.1,0.5396,0.7005235025405884,0.8698335447311402
cifar10_vib_beta_0_001,cifar10,vib,0.001,gaussian,0.2,0.3486,0.6648794875144959,1.0002826831817626
cifar10_vib_beta_0_001,cifar10,vib,0.001,gaussian,0.3,0.2437,0.6409503099441528,1.0467933673858643
cifar10_vib_beta_0_001,cifar10,vib,0.001,gaussian,0.4,0.1951,0.6375671181678771,1.0392964082717895
cifar10_vib_beta_0_001,cifar10,vib,0.001,salt_pepper,0.0,0.7013,0.7526539873123169,0.6976442844390869
cifar10_vib_beta_0_001,cifar10,vib,0.001,salt_pepper,0.1,0.5263,0.6917027152061462,0.8958375246047974
cifar10_vib_beta_0_001,cifar10,vib,0.001,salt_pepper,0.2,0.4116,0.6732961091041565,0.967463490486145
cifar10_vib_beta_0_001,cifar10,vib,0.001,salt_pepper,0.3,0.3322,0.6644027996063232,1.0023800800323486
cifar10_vib_beta_0_001,cifar10,vib,0.001,salt_pepper,0.4,0.2844,0.6528669772148132,1.032547292327881
cifar10_vib_beta_0_001,cifar10,vib,0.001,blur,0.0,0.7013,0.7526539873123169,0.6976442844390869
cifar10_vib_beta_0_001,cifar10,vib,0.001,blur,0.1,0.5145,0.647157325553894,0.9608353343963623
cifar10_vib_beta_0_001,cifar10,vib,0.001,blur,0.2,0.5145,0.647157325553894,0.9608353343963623
cifar10_vib_beta_0_001,cifar10,vib,0.001,blur,0.3,0.3315,0.5760724806785583,1.1363605974197388
cifar10_vib_beta_0_001,cifar10,vib,0.001,blur,0.4,0.3315,0.5760724806785583,1.1363605974197388
cifar10_vib_beta_0_001,cifar10,vib,0.001,contrast,0.0,0.7013,0.7526539873123169,0.6976442844390869
cifar10_vib_beta_0_001,cifar10,vib,0.001,contrast,0.1,0.688,0.739074747467041,0.7365522243499756
cifar10_vib_beta_0_001,cifar10,vib,0.001,contrast,0.2,0.6689,0.7205131481170655,0.7888374046325684
cifar10_vib_beta_0_001,cifar10,vib,0.001,contrast,0.3,0.6271,0.6933345673561097,0.8604980041503906
cifar10_vib_beta_0_001,cifar10,vib,0.001,contrast,0.4,0.5685,0.6585406444549561,0.9507945987701416
cifar10_vib_beta_0_003,cifar10,vib,0.003,gaussian,0.0,0.7041,0.7422579053878784,0.7396696338653564
cifar10_vib_beta_0_003,cifar10,vib,0.003,gaussian,0.1,0.5616,0.6785799018859864,0.9493224426269531
cifar10_vib_beta_0_003,cifar10,vib,0.003,gaussian,0.2,0.3523,0.6142881026268006,1.1748827758789062
cifar10_vib_beta_0_003,cifar10,vib,0.003,gaussian,0.3,0.2219,0.5997410161972045,1.199774903488159
cifar10_vib_beta_0_003,cifar10,vib,0.003,gaussian,0.4,0.1641,0.6136021295547486,1.1546792367935181
cifar10_vib_beta_0_003,cifar10,vib,0.003,salt_pepper,0.0,0.7041,0.7422579053878784,0.7396696338653564
cifar10_vib_beta_0_003,cifar10,vib,0.003,salt_pepper,0.1,0.559,0.6611087763786316,1.0025149927139283
cifar10_vib_beta_0_003,cifar10,vib,0.003,salt_pepper,0.2,0.4298,0.623585993385315,1.1371018928527832
cifar10_vib_beta_0_003,cifar10,vib,0.003,salt_pepper,0.3,0.3401,0.6048223013877869,1.2013443267822266
cifar10_vib_beta_0_003,cifar10,vib,0.003,salt_pepper,0.4,0.2777,0.5931521346092224,1.2291754880905152
cifar10_vib_beta_0_003,cifar10,vib,0.003,blur,0.0,0.7041,0.7422579053878784,0.7396696338653564
cifar10_vib_beta_0_003,cifar10,vib,0.003,blur,0.1,0.4924,0.6296678491592407,1.0120285396575928
cifar10_vib_beta_0_003,cifar10,vib,0.003,blur,0.2,0.4924,0.6296678491592407,1.0120285396575928
cifar10_vib_beta_0_003,cifar10,vib,0.003,blur,0.3,0.3409,0.5433729721069336,1.235994762802124
cifar10_vib_beta_0_003,cifar10,vib,0.003,blur,0.4,0.3409,0.5433729721069336,1.235994762802124
cifar10_vib_beta_0_003,cifar10,vib,0.003,contrast,0.0,0.7041,0.7422579053878784,0.7396696338653564
cifar10_vib_beta_0_003,cifar10,vib,0.003,contrast,0.1,0.6952,0.7266455865859985,0.7851942859649658
cifar10_vib_beta_0_003,cifar10,vib,0.003,contrast,0.2,0.6733,0.704917862701416,0.8455776203155517
cifar10_vib_beta_0_003,cifar10,vib,0.003,contrast,0.3,0.6371,0.6751978150367737,0.9263349091529847
cifar10_vib_beta_0_003,cifar10,vib,0.003,contrast,0.4,0.5783,0.6367894413948059,1.027092445373535
cifar10_vib_beta_0_01,cifar10,vib,0.01,gaussian,0.0,0.7004,0.7473862003326416,0.7337483359336853
cifar10_vib_beta_0_01,cifar10,vib,0.01,gaussian,0.1,0.554,0.6765400165557861,0.9693356395721435
cifar10_vib_beta_0_01,cifar10,vib,0.01,gaussian,0.2,0.36,0.59190930519104,1.2497881574630738
cifar10_vib_beta_0_01,cifar10,vib,0.01,gaussian,0.3,0.2128,0.6037825697898864,1.2256149974822999
cifar10_vib_beta_0_01,cifar10,vib,0.01,gaussian,0.4,0.1582,0.6462998746871949,1.1047935241699218
cifar10_vib_beta_0_01,cifar10,vib,0.01,salt_pepper,0.0,0.7004,0.7473862003326416,0.7337483359336853
cifar10_vib_beta_0_01,cifar10,vib,0.01,salt_pepper,0.1,0.5553,0.6647910062789917,1.0017518753051757
cifar10_vib_beta_0_01,cifar10,vib,0.01,salt_pepper,0.2,0.4417,0.6143096940994263,1.1685753574371338
cifar10_vib_beta_0_01,cifar10,vib,0.01,salt_pepper,0.3,0.3472,0.5872440792083741,1.2554279176712035
cifar10_vib_beta_0_01,cifar10,vib,0.01,salt_pepper,0.4,0.2779,0.5818709585666656,1.2776884006500244
cifar10_vib_beta_0_01,cifar10,vib,0.01,blur,0.0,0.7004,0.7473862003326416,0.7337483359336853
cifar10_vib_beta_0_01,cifar10,vib,0.01,blur,0.1,0.5071,0.634693995475769,1.0150703245162964
cifar10_vib_beta_0_01,cifar10,vib,0.01,blur,0.2,0.5071,0.634693995475769,1.0150703245162964
cifar10_vib_beta_0_01,cifar10,vib,0.01,blur,0.3,0.3216,0.5671745166778565,1.1842089834213256
cifar10_vib_beta_0_01,cifar10,vib,0.01,blur,0.4,0.3216,0.5671745166778565,1.1842089834213256
cifar10_vib_beta_0_01,cifar10,vib,0.01,contrast,0.0,0.7004,0.7473862003326416,0.7337483359336853
cifar10_vib_beta_0_01,cifar10,vib,0.01,contrast,0.1,0.6936,0.7341665433883667,0.7727477307319641
cifar10_vib_beta_0_01,cifar10,vib,0.01,contrast,0.2,0.6734,0.7147450326919556,0.8270935788154602
cifar10_vib_beta_0_01,cifar10,vib,0.01,contrast,0.3,0.6414,0.6870577049255371,0.902324641418457
cifar10_vib_beta_0_01,cifar10,vib,0.01,contrast,0.4,0.5829,0.6499625915527344,0.9996598589897155
cifar10_vib_beta_0_03,cifar10,vib,0.03,gaussian,0.0,0.6931,0.7157597162246704,0.828893779373169
cifar10_vib_beta_0_03,cifar10,vib,0.03,gaussian,0.1,0.5197,0.6678760730743408,1.003304881286621
cifar10_vib_beta_0_03,cifar10,vib,0.03,gaussian,0.2,0.3013,0.6437445439338684,1.142896964263916
cifar10_vib_beta_0_03,cifar10,vib,0.03,gaussian,0.3,0.1974,0.654072180557251,1.120350749206543
cifar10_vib_beta_0_03,cifar10,vib,0.03,gaussian,0.4,0.1457,0.6900000062942505,1.0226995803833008
cifar10_vib_beta_0_03,cifar10,vib,0.03,salt_pepper,0.0,0.6931,0.7157597162246704,0.828893779373169
cifar10_vib_beta_0_03,cifar10,vib,0.03,salt_pepper,0.1,0.5228,0.653191297340393,1.0432392486572266
cifar10_vib_beta_0_03,cifar10,vib,0.03,salt_pepper,0.2,0.3796,0.6347186840057373,1.1352657531738282
cifar10_vib_beta_0_03,cifar10,vib,0.03,salt_pepper,0.3,0.2906,0.634792793560028,1.1616097736358642
cifar10_vib_beta_0_03,cifar10,vib,0.03,salt_pepper,0.4,0.2345,0.6433232563018799,1.1493953815460205
cifar10_vib_beta_0_03,cifar10,vib,0.03,blur,0.0,0.6931,0.7157597162246704,0.828893779373169
cifar10_vib_beta_0_03,cifar10,vib,0.03,blur,0.1,0.5025,0.5989630613327026,1.1084292051315308
cifar10_vib_beta_0_03,cifar10,vib,0.03,blur,0.2,0.5025,0.5989630613327026,1.1084292051315308
cifar10_vib_beta_0_03,cifar10,vib,0.03,blur,0.3,0.3286,0.5112838302612305,1.3364973449707032
cifar10_vib_beta_0_03,cifar10,vib,0.03,blur,0.4,0.3286,0.5112838302612305,1.3364973449707032
cifar10_vib_beta_0_03,cifar10,vib,0.03,contrast,0.0,0.6931,0.7157597162246704,0.828893779373169
cifar10_vib_beta_0_03,cifar10,vib,0.03,contrast,0.1,0.6778,0.7005132341384888,0.8696683902740479
cifar10_vib_beta_0_03,cifar10,vib,0.03,contrast,0.2,0.6544,0.6795157030105591,0.924749643421173
cifar10_vib_beta_0_03,cifar10,vib,0.03,contrast,0.3,0.6141,0.6521171582221985,0.9965975113868714
cifar10_vib_beta_0_03,cifar10,vib,0.03,contrast,0.4,0.5501,0.6175744575500488,1.0849173481941223
cifar10_vib_beta_0_1,cifar10,vib,0.1,gaussian,0.0,0.6872,0.6467417938232422,1.0190907090187074
cifar10_vib_beta_0_1,cifar10,vib,0.1,gaussian,0.1,0.523,0.566542544746399,1.307322657775879
cifar10_vib_beta_0_1,cifar10,vib,0.1,gaussian,0.2,0.3413,0.46877367963790895,1.6173401132583618
cifar10_vib_beta_0_1,cifar10,vib,0.1,gaussian,0.3,0.2224,0.4290382186412811,1.7309744243621825
cifar10_vib_beta_0_1,cifar10,vib,0.1,gaussian,0.4,0.1679,0.4237287109851837,1.7498238027572632
cifar10_vib_beta_0_1,cifar10,vib,0.1,salt_pepper,0.0,0.6872,0.6467417938232422,1.0190907090187074
cifar10_vib_beta_0_1,cifar10,vib,0.1,salt_pepper,0.1,0.5242,0.5617955046653748,1.3130474229812623
cifar10_vib_beta_0_1,cifar10,vib,0.1,salt_pepper,0.2,0.4112,0.5010556157588959,1.5100584321975707
cifar10_vib_beta_0_1,cifar10,vib,0.1,salt_pepper,0.3,0.3333,0.45967570362091065,1.6318338375091552
cifar10_vib_beta_0_1,cifar10,vib,0.1,salt_pepper,0.4,0.2731,0.4368981409072876,1.6981860019683839
cifar10_vib_beta_0_1,cifar10,vib,0.1,blur,0.0,0.6872,0.6467417938232422,1.0190907090187074
cifar10_vib_beta_0_1,cifar10,vib,0.1,blur,0.1,0.4811,0.5131330609321594,1.2984375312805176
cifar10_vib_beta_0_1,cifar10,vib,0.1,blur,0.2,0.4811,0.5131330609321594,1.2984375312805176
cifar10_vib_beta_0_1,cifar10,vib,0.1,blur,0.3,0.3199,0.44703779945373534,1.4657379606246947
cifar10_vib_beta_0_1,cifar10,vib,0.1,blur,0.4,0.3199,0.44703779945373534,1.4657379606246947
cifar10_vib_beta_0_1,cifar10,vib,0.1,contrast,0.0,0.6872,0.6467417938232422,1.0190907090187074
cifar10_vib_beta_0_1,cifar10,vib,0.1,contrast,0.1,0.6795,0.6327662065505981,1.0537671290397643
cifar10_vib_beta_0_1,cifar10,vib,0.1,contrast,0.2,0.6576,0.6120822496414184,1.1039758136749267
cifar10_vib_beta_0_1,cifar10,vib,0.1,contrast,0.3,0.6184,0.5834905162811279,1.173419718170166
cifar10_vib_beta_0_1,cifar10,vib,0.1,contrast,0.4,0.5562,0.5494030921936035,1.2562449470520018
cifar10_vib_beta_0_3,cifar10,vib,0.3,gaussian,0.0,0.6394,0.4239345083236694,1.5906181480407715
cifar10_vib_beta_0_3,cifar10,vib,0.3,gaussian,0.1,0.4805,0.3551956639289856,1.803877753829956
cifar10_vib_beta_0_3,cifar10,vib,0.3,gaussian,0.2,0.2795,0.28264626426696776,1.998134259414673
cifar10_vib_beta_0_3,cifar10,vib,0.3,gaussian,0.3,0.191,0.25495167078971864,2.0656710636138915
cifar10_vib_beta_0_3,cifar10,vib,0.3,gaussian,0.4,0.15,0.24465845458507537,2.0861192432403564
cifar10_vib_beta_0_3,cifar10,vib,0.3,salt_pepper,0.0,0.6394,0.4239345083236694,1.5906181480407715
cifar10_vib_beta_0_3,cifar10,vib,0.3,salt_pepper,0.1,0.4791,0.3438192354202271,1.8123188255310059
cifar10_vib_beta_0_3,cifar10,vib,0.3,salt_pepper,0.2,0.3561,0.30261995692253113,1.9307795021057128
cifar10_vib_beta_0_3,cifar10,vib,0.3,salt_pepper,0.3,0.2795,0.2779239256858826,2.001385013580322
cifar10_vib_beta_0_3,cifar10,vib,0.3,salt_pepper,0.4,0.2269,0.26407755031585695,2.0386835655212403
cifar10_vib_beta_0_3,cifar10,vib,0.3,blur,0.0,0.6394,0.4239345083236694,1.5906181480407715
cifar10_vib_beta_0_3,cifar10,vib,0.3,blur,0.1,0.4461,0.3372799768447876,1.7609998611450195
cifar10_vib_beta_0_3,cifar10,vib,0.3,blur,0.2,0.4461,0.3372799768447876,1.7609998611450195
cifar10_vib_beta_0_3,cifar10,vib,0.3,blur,0.3,0.2862,0.29169596042633056,1.8515812440872192
cifar10_vib_beta_0_3,cifar10,vib,0.3,blur,0.4,0.2862,0.29169596042633056,1.8515812440872192
cifar10_vib_beta_0_3,cifar10,vib,0.3,contrast,0.0,0.6394,0.4239345083236694,1.5906181480407715
cifar10_vib_beta_0_3,cifar10,vib,0.3,contrast,0.1,0.6288,0.41553887214660645,1.6090483343124389
cifar10_vib_beta_0_3,cifar10,vib,0.3,contrast,0.2,0.6081,0.4028444858551025,1.6382423053741455
cifar10_vib_beta_0_3,cifar10,vib,0.3,contrast,0.3,0.5667,0.38545855283737185,1.6798718955993652
cifar10_vib_beta_0_3,cifar10,vib,0.3,contrast,0.4,0.5033,0.36115355176925656,1.7362689781188965
cifar10_vib_beta_1,cifar10,vib,1.0,gaussian,0.0,0.2615,0.10071967412233353,2.3025758071899416
cifar10_vib_beta_1,cifar10,vib,1.0,gaussian,0.1,0.228,0.1006216694355011,2.302576326751709
cifar10_vib_beta_1,cifar10,vib,1.0,gaussian,0.2,0.1697,0.1006088139295578,2.3025758892059325
cifar10_vib_beta_1,cifar10,vib,1.0,gaussian,0.3,0.1411,0.10062473551034927,2.302575567626953
cifar10_vib_beta_1,cifar10,vib,1.0,gaussian,0.4,0.1233,0.10064590373039245,2.3025751609802247
cifar10_vib_beta_1,cifar10,vib,1.0,salt_pepper,0.0,0.2615,0.10071967412233353,2.3025758071899416
cifar10_vib_beta_1,cifar10,vib,1.0,salt_pepper,0.1,0.2289,0.1006502273797989,2.3025758338928224
cifar10_vib_beta_1,cifar10,vib,1.0,salt_pepper,0.2,0.1918,0.10062770302295684,2.3025756717681887
cifar10_vib_beta_1,cifar10,vib,1.0,salt_pepper,0.3,0.1693,0.1006220769405365,2.302575570678711
cifar10_vib_beta_1,cifar10,vib,1.0,salt_pepper,0.4,0.1495,0.10062374312877655,2.3025754875183106
cifar10_vib_beta_1,cifar10,vib,1.0,blur,0.0,0.2615,0.10071967412233353,2.3025758071899416
cifar10_vib_beta_1,cifar10,vib,1.0,blur,0.1,0.2055,0.10066973965168,2.3025772663116455
cifar10_vib_beta_1,cifar10,vib,1.0,blur,0.2,0.2055,0.10066973965168,2.3025772663116455
cifar10_vib_beta_1,cifar10,vib,1.0,blur,0.3,0.1467,0.10065682234764099,2.3025776695251463
cifar10_vib_beta_1,cifar10,vib,1.0,blur,0.4,0.1467,0.10065682234764099,2.3025776695251463
cifar10_vib_beta_1,cifar10,vib,1.0,contrast,0.0,0.2615,0.10071967412233353,2.3025758071899416
cifar10_vib_beta_1,cifar10,vib,1.0,contrast,0.1,0.2592,0.10071198600530624,2.3025760421752928
cifar10_vib_beta_1,cifar10,vib,1.0,contrast,0.2,0.2544,0.10070074113607407,2.302576326751709
cifar10_vib_beta_1,cifar10,vib,1.0,contrast,0.3,0.2411,0.100685968542099,2.3025766681671143
cifar10_vib_beta_1,cifar10,vib,1.0,contrast,0.4,0.2182,0.10067038171291351,2.302577009963989
fashion_mnist_cnn_baseline,fashion_mnist,cnn,0.0,gaussian,0.0,0.905,0.9216399921417237,0.21026632442474366
fashion_mnist_cnn_baseline,fashion_mnist,cnn,0.0,gaussian,0.1,0.8557,0.8797958751678466,0.3253300682067871
fashion_mnist_cnn_baseline,fashion_mnist,cnn,0.0,gaussian,0.2,0.6537,0.8183988492965698,0.5048523055076599
fashion_mnist_cnn_baseline,fashion_mnist,cnn,0.0,gaussian,0.3,0.4429,0.802070591545105,0.5538702011108398
fashion_mnist_cnn_baseline,fashion_mnist,cnn,0.0,gaussian,0.4,0.2939,0.8078129127502441,0.5296134442329407
fashion_mnist_cnn_baseline,fashion_mnist,cnn,0.0,salt_pepper,0.0,0.905,0.9216399921417237,0.21026632442474366
fashion_mnist_cnn_baseline,fashion_mnist,cnn,0.0,salt_pepper,0.1,0.7933,0.8830480051040649,0.3053068969726562
fashion_mnist_cnn_baseline,fashion_mnist,cnn,0.0,salt_pepper,0.2,0.6726,0.8668016540527343,0.3520327757835388
fashion_mnist_cnn_baseline,fashion_mnist,cnn,0.0,salt_pepper,0.3,0.5709,0.8593906771659852,0.3777211000919342
fashion_mnist_cnn_baseline,fashion_mnist,cnn,0.0,salt_pepper,0.4,0.4876,0.8551806795120239,0.3901632745742798
fashion_mnist_cnn_baseline,fashion_mnist,cnn,0.0,blur,0.0,0.905,0.9216399921417237,0.21026632442474366
fashion_mnist_cnn_baseline,fashion_mnist,cnn,0.0,blur,0.1,0.8587,0.8252249750137329,0.48762880697250366
fashion_mnist_cnn_baseline,fashion_mnist,cnn,0.0,blur,0.2,0.8587,0.8252249750137329,0.48762880697250366
fashion_mnist_cnn_baseline,fashion_mnist,cnn,0.0,blur,0.3,0.6696,0.6508426023483276,0.9555756471633912
fashion_mnist_cnn_baseline,fashion_mnist,cnn,0.0,blur,0.4,0.6696,0.6508426023483276,0.9555756471633912
fashion_mnist_cnn_baseline,fashion_mnist,cnn,0.0,contrast,0.0,0.905,0.9216399921417237,0.21026632442474366
fashion_mnist_cnn_baseline,fashion_mnist,cnn,0.0,contrast,0.1,0.8599,0.8436978594779968,0.4416078078269958
fashion_mnist_cnn_baseline,fashion_mnist,cnn,0.0,contrast,0.2,0.6905,0.7359082915306091,0.7236900924682618
fashion_mnist_cnn_baseline,fashion_mnist,cnn,0.0,contrast,0.3,0.6044,0.6963119951248169,0.8353699078559875
fashion_mnist_cnn_baseline,fashion_mnist,cnn,0.0,contrast,0.4,0.5071,0.6740544536590576,0.9114471622467041
fashion_mnist_vib_beta_0,fashion_mnist,vib,0.0,gaussian,0.0,0.9153,0.931485879611969,0.186162900018692
fashion_mnist_vib_beta_0,fashion_mnist,vib,0.0,gaussian,0.1,0.8721,0.8713038387298584,0.36174139575958253
fashion_mnist_vib_beta_0,fashion_mnist,vib,0.0,gaussian,0.2,0.6134,0.7568955817222596,0.6922732103347778
fashion_mnist_vib_beta_0,fashion_mnist,vib,0.0,gaussian,0.3,0.3468,0.7537406001091004,0.7057926872253418
fashion_mnist_vib_beta_0,fashion_mnist,vib,0.0,gaussian,0.4,0.2183,0.7957028776168823,0.579359762763977
fashion_mnist_vib_beta_0,fashion_mnist,vib,0.0,salt_pepper,0.0,0.9153,0.931485879611969,0.186162900018692
fashion_mnist_vib_beta_0,fashion_mnist,vib,0.0,salt_pepper,0.1,0.7768,0.8652947910308838,0.3621110249996185
fashion_mnist_vib_beta_0,fashion_mnist,vib,0.0,salt_pepper,0.2,0.5924,0.8277300813674927,0.46653032064437866
fashion_mnist_vib_beta_0,fashion_mnist,vib,0.0,salt_pepper,0.3,0.448,0.8215915149688721,0.4857414222717285
fashion_mnist_vib_beta_0,fashion_mnist,vib,0.0,salt_pepper,0.4,0.3581,0.8272072052001953,0.4704763466835022
fashion_mnist_vib_beta_0,fashion_mnist,vib,0.0,blur,0.0,0.9153,0.931485879611969,0.186162900018692
fashion_mnist_vib_beta_0,fashion_mnist,vib,0.0,blur,0.1,0.8611,0.8417899215698242,0.46430657620429994
fashion_mnist_vib_beta_0,fashion_mnist,vib,0.0,blur,0.2,0.8611,0.8417899215698242,0.46430657620429994
fashion_mnist_vib_beta_0,fashion_mnist,vib,0.0,blur,0.3,0.6826,0.6746801306724548,0.9610049209594727
fashion_mnist_vib_beta_0,fashion_mnist,vib,0.0,blur,0.4,0.6826,0.6746801306724548,0.9610049209594727
fashion_mnist_vib_beta_0,fashion_mnist,vib,0.0,contrast,0.0,0.9153,0.931485879611969,0.186162900018692
fashion_mnist_vib_beta_0,fashion_mnist,vib,0.0,contrast,0.1,0.8716,0.8341971542358398,0.4862684170722961
fashion_mnist_vib_beta_0,fashion_mnist,vib,0.0,contrast,0.2,0.6937,0.7139390710830689,0.8235890768051147
fashion_mnist_vib_beta_0,fashion_mnist,vib,0.0,contrast,0.3,0.6059,0.6681467510223389,0.9733489505767823
fashion_mnist_vib_beta_0,fashion_mnist,vib,0.0,contrast,0.4,0.5115,0.6335196263313293,1.0960624282836915
fashion_mnist_vib_beta_1em05,fashion_mnist,vib,1e-05,gaussian,0.0,0.915,0.934141655921936,0.18126953518390657
fashion_mnist_vib_beta_1em05,fashion_mnist,vib,1e-05,gaussian,0.1,0.8728,0.8659705438613892,0.3927187482833862
fashion_mnist_vib_beta_1em05,fashion_mnist,vib,1e-05,gaussian,0.2,0.5568,0.7334580451965332,0.7732136070251465
fashion_mnist_vib_beta_1em05,fashion_mnist,vib,1e-05,gaussian,0.3,0.276,0.7651663224220275,0.6866420299530029
fashion_mnist_vib_beta_1em05,fashion_mnist,vib,1e-05,gaussian,0.4,0.1756,0.8201281879425049,0.5210120346069336
fashion_mnist_vib_beta_1em05,fashion_mnist,vib,1e-05,salt_pepper,0.0,0.915,0.934141655921936,0.18126953518390657
fashion_mnist_vib_beta_1em05,fashion_mnist,vib,1e-05,salt_pepper,0.1,0.7568,0.8563154830932617,0.39365411977767945
fashion_mnist_vib_beta_1em05,fashion_mnist,vib,1e-05,salt_pepper,0.2,0.5393,0.820986647605896,0.490862180185318
fashion_mnist_vib_beta_1em05,fashion_mnist,vib,1e-05,salt_pepper,0.3,0.384,0.8288728988647461,0.4728037926197052
fashion_mnist_vib_beta_1em05,fashion_mnist,vib,1e-05,salt_pepper,0.4,0.2914,0.8432959617614746,0.43486568489074706
fashion_mnist_vib_beta_1em05,fashion_mnist,vib,1e-05,blur,0.0,0.915,0.934141655921936,0.18126953518390657
fashion_mnist_vib_beta_1em05,fashion_mnist,vib,1e-05,blur,0.1,0.8629,0.8448808650016785,0.4575492890357971
fashion_mnist_vib_beta_1em05,fashion_mnist,vib,1e-05,blur,0.2,0.8629,0.8448808650016785,0.4575492890357971
fashion_mnist_vib_beta_1em05,fashion_mnist,vib,1e-05,blur,0.3,0.6964,0.6802437644958496,0.9470840703964234
fashion_mnist_vib_beta_1em05,fashion_mnist,vib,1e-05,blur,0.4,0.6964,0.6802437644958496,0.9470840703964234
fashion_mnist_vib_beta_1em05,fashion_mnist,vib,1e-05,contrast,0.0,0.915,0.934141655921936,0.18126953518390657
fashion_mnist_vib_beta_1em05,fashion_mnist,vib,1e-05,contrast,0.1,0.8596,0.8207053709983826,0.5373810314655304
fashion_mnist_vib_beta_1em05,fashion_mnist,vib,1e-05,contrast,0.2,0.7078,0.7037402980804444,0.8576766548156738
fashion_mnist_vib_beta_1em05,fashion_mnist,vib,1e-05,contrast,0.3,0.6209,0.6507341752052307,1.0191549176216126
fashion_mnist_vib_beta_1em05,fashion_mnist,vib,1e-05,contrast,0.4,0.5241,0.6057042911529541,1.1568975082397461
fashion_mnist_vib_beta_3em05,fashion_mnist,vib,3e-05,gaussian,0.0,0.9157,0.9345489151954651,0.18101975679397583
fashion_mnist_vib_beta_3em05,fashion_mnist,vib,3e-05,gaussian,0.1,0.8694,0.8682761522293091,0.3938647660255432
fashion_mnist_vib_beta_3em05,fashion_mnist,vib,3e-05,gaussian,0.2,0.565,0.7270697779655456,0.8035888909339904
fashion_mnist_vib_beta_3em05,fashion_mnist,vib,3e-05,gaussian,0.3,0.2499,0.7930411583900452,0.6243552186965943
fashion_mnist_vib_beta_3em05,fashion_mnist,vib,3e-05,gaussian,0.4,0.1511,0.883295724773407,0.3631083800315857
fashion_mnist_vib_beta_3em05,fashion_mnist,vib,3e-05,salt_pepper,0.0,0.9157,0.9345489151954651,0.18101975679397583
fashion_mnist_vib_beta_3em05,fashion_mnist,vib,3e-05,salt_pepper,0.1,0.7613,0.8486332732200622,0.42133222336769105
fashion_mnist_vib_beta_3em05,fashion_mnist,vib,3e-05,salt_pepper,0.2,0.5341,0.815158401966095,0.5139712545394898
fashion_mnist_vib_beta_3em05,fashion_mnist,vib,3e-05,salt_pepper,0.3,0.3797,0.8286042266845703,0.47918141422271726
fashion_mnist_vib_beta_3em05,fashion_mnist,vib,3e-05,salt_pepper,0.4,0.2758,0.851977394771576,0.41698233375549315
fashion_mnist_vib_beta_3em05,fashion_mnist,vib,3e-05,blur,0.0,0.9157,0.9345489151954651,0.18101975679397583
fashion_mnist_vib_beta_3em05,fashion_mnist,vib,3e-05,blur,0.1,0.8639,0.8474203431129456,0.4586920551776886
fashion_mnist_vib_beta_3em05,fashion_mnist,vib,3e-05,blur,0.2,0.8639,0.8474203431129456,0.4586920551776886
fashion_mnist_vib_beta_3em05,fashion_mnist,vib,3e-05,blur,0.3,0.6878,0.6723151400566101,0.956221559715271
fashion_mnist_vib_beta_3em05,fashion_mnist,vib,3e-05,blur,0.4,0.6878,0.6723151400566101,0.956221559715271
fashion_mnist_vib_beta_3em05,fashion_mnist,vib,3e-05,contrast,0.0,0.9157,0.9345489151954651,0.18101975679397583
fashion_mnist_vib_beta_3em05,fashion_mnist,vib,3e-05,contrast,0.1,0.8401,0.8104219201087952,0.5705087638854981
fashion_mnist_vib_beta_3em05,fashion_mnist,vib,3e-05,contrast,0.2,0.6465,0.700166586971283,0.8851436649322509
fashion_mnist_vib_beta_3em05,fashion_mnist,vib,3e-05,contrast,0.3,0.5518,0.6607716089248657,1.016682904624939
fashion_mnist_vib_beta_3em05,fashion_mnist,vib,3e-05,contrast,0.4,0.4589,0.6302691854476928,1.1181701316833497
fashion_mnist_vib_beta_0_0001,fashion_mnist,vib,0.0001,gaussian,0.0,0.9149,0.9354278978347779,0.1764218297958374
fashion_mnist_vib_beta_0_0001,fashion_mnist,vib,0.0001,gaussian,0.1,0.8646,0.8656913856506347,0.40391324911117554
fashion_mnist_vib_beta_0_0001,fashion_mnist,vib,0.0001,gaussian,0.2,0.5782,0.7444061790466309,0.7565080106735229
fashion_mnist_vib_beta_0_0001,fashion_mnist,vib,0.0001,gaussian,0.3,0.3338,0.748163934803009,0.7306305511474609
fashion_mnist_vib_beta_0_0001,fashion_mnist,vib,0.0001,gaussian,0.4,0.1984,0.8024026586532593,0.5748925810813904
fashion_mnist_vib_beta_0_0001,fashion_mnist,vib,0.0001,salt_pepper,0.0,0.9149,0.9354278978347779,0.1764218297958374
fashion_mnist_vib_beta_0_0001,fashion_mnist,vib,0.0001,salt_pepper,0.1,0.7413,0.8510268114089966,0.4134650388717651
fashion_mnist_vib_beta_0_0001,fashion_mnist,vib,0.0001,salt_pepper,0.2,0.5296,0.8122421440124512,0.5213851764678955
fashion_mnist_vib_beta_0_0001,fashion_mnist,vib,0.0001,salt_pepper,0.3,0.3934,0.8126162275314331,0.5208284566879272
fashion_mnist_vib_beta_0_0001,fashion_mnist,vib,0.0001,salt_pepper,0.4,0.3023,0.8217402975082397,0.49321881656646727
fashion_mnist_vib_beta_0_0001,fashion_mnist,vib,0.0001,blur,0.0,0.9149,0.9354278978347779,0.1764218297958374
fashion_mnist_vib_beta_0_0001,fashion_mnist,vib,0.0001,blur,0.1,0.8627,0.8509007308006287,0.4500574739456177
fashion_mnist_vib_beta_0_0001,fashion_mnist,vib,0.0001,blur,0.2,0.8627,0.8509007308006287,0.4500574739456177
fashion_mnist_vib_beta_0_0001,fashion_mnist,vib,0.0001,blur,0.3,0.6696,0.6782426051139832,0.9476319142341614
fashion_mnist_vib_beta_0_0001,fashion_mnist,vib,0.0001,blur,0.4,0.6696,0.6782426051139832,0.9476319142341614
fashion_mnist_vib_beta_0_0001,fashion_mnist,vib,0.0001,contrast,0.0,0.9149,0.9354278978347779,0.1764218297958374
fashion_mnist_vib_beta_0_0001,fashion_mnist,vib,0.0001,contrast,0.1,0.8362,0.8116413543701172,0.584860560798645
fashion_mnist_vib_beta_0_0001,fashion_mnist,vib,0.0001,contrast,0.2,0.6197,0.7218680316925049,0.8505344552993774
fashion_mnist_vib_beta_0_0001,fashion_mnist,vib,0.0001,contrast,0.3,0.5474,0.6987488670349121,0.9341776739120483
fashion_mnist_vib_beta_0_0001,fashion_mnist,vib,0.0001,contrast,0.4,0.4749,0.686051169872284,0.9814980511665344
fashion_mnist_vib_beta_0_0003,fashion_mnist,vib,0.0003,gaussian,0.0,0.9194,0.9381595975875855,0.17169581553936006
fashion_mnist_vib_beta_0_0003,fashion_mnist,vib,0.0003,gaussian,0.1,0.8647,0.8678502380371094,0.40495435481071473
fashion_mnist_vib_beta_0_0003,fashion_mnist,vib,0.0003,gaussian,0.2,0.5606,0.7320871887207031,0.801394400882721
fashion_mnist_vib_beta_0_0003,fashion_mnist,vib,0.0003,gaussian,0.3,0.3185,0.7227903884887695,0.8073460331916809
fashion_mnist_vib_beta_0_0003,fashion_mnist,vib,0.0003,gaussian,0.4,0.2102,0.7573900085449219,0.6988708749771119
fashion_mnist_vib_beta_0_0003,fashion_mnist,vib,0.0003,salt_pepper,0.0,0.9194,0.9381595975875855,0.17169581553936006
fashion_mnist_vib_beta_0_0003,fashion_mnist,vib,0.0003,salt_pepper,0.1,0.7421,0.8546164457321167,0.41226228532791137
fashion_mnist_vib_beta_0_0003,fashion_mnist,vib,0.0003,salt_pepper,0.2,0.5429,0.8115079235076904,0.5313548167228699
fashion_mnist_vib_beta_0_0003,fashion_mnist,vib,0.0003,salt_pepper,0.3,0.4043,0.8081692448616028,0.5422017202377319
fashion_mnist_vib_beta_0_0003,fashion_mnist,vib,0.0003,salt_pepper,0.4,0.3189,0.812544006061554,0.5281744713783264
fashion_mnist_vib_beta_0_0003,fashion_mnist,vib,0.0003,blur,0.0,0.9194,0.9381595975875855,0.17169581553936006
fashion_mnist_vib_beta_0_0003,fashion_mnist,vib,0.0003,blur,0.1,0.8599,0.8449089008331299,0.47168092861175537
fashion_mnist_vib_beta_0_0003,fashion_mnist,vib,0.0003,blur,0.2,0.8599,0.8449089008331299,0.47168092861175537
fashion_mnist_vib_beta_0_0003,fashion_mnist,vib,0.0003,blur,0.3,0.6552,0.6727473237991333,0.958451191329956
fashion_mnist_vib_beta_0_0003,fashion_mnist,vib,0.0003,blur,0.4,0.6552,0.6727473237991333,0.958451191329956
fashion_mnist_vib_beta_0_0003,fashion_mnist,vib,0.0003,contrast,0.0,0.9194,0.9381595975875855,0.17169581553936006
fashion_mnist_vib_beta_0_0003,fashion_mnist,vib,0.0003,contrast,0.1,0.8182,0.8081000448226928,0.5716207683563233
fashion_mnist_vib_beta_0_0003,fashion_mnist,vib,0.0003,contrast,0.2,0.6204,0.7137446088790893,0.8244519856452942
fashion_mnist_vib_beta_0_0003,fashion_mnist,vib,0.0003,contrast,0.3,0.5339,0.6790441089630127,0.9293213781356812
fashion_mnist_vib_beta_0_0003,fashion_mnist,vib,0.0003,contrast,0.4,0.4594,0.6503144226074219,1.0148585193634032
fashion_mnist_vib_beta_0_001,fashion_mnist,vib,0.001,gaussian,0.0,0.9176,0.9410978385925293,0.16660690593719482
fashion_mnist_vib_beta_0_001,fashion_mnist,vib,0.001,gaussian,0.1,0.8517,0.8674375952720642,0.4099775867462158
fashion_mnist_vib_beta_0_001,fashion_mnist,vib,0.001,gaussian,0.2,0.5384,0.7474286493301392,0.7749902302742004
fashion_mnist_vib_beta_0_001,fashion_mnist,vib,0.001,gaussian,0.3,0.2995,0.7464552083969116,0.769091284751892
fashion_mnist_vib_beta_0_001,fashion_mnist,vib,0.001,gaussian,0.4,0.1966,0.7770098258972168,0.6695997150421142
fashion_mnist_vib_beta_0_001,fashion_mnist,vib,0.001,salt_pepper,0.0,0.9176,0.9410978385925293,0.16660690593719482
fashion_mnist_vib_beta_0_001,fashion_mnist,vib,0.001,salt_pepper,0.1,0.7434,0.8597783906936646,0.40013408260345457
fashion_mnist_vib_beta_0_001,fashion_mnist,vib,0.001,salt_pepper,0.2,0.547,0.8153961654663086,0.5303855590820312
fashion_mnist_vib_beta_0_001,fashion_mnist,vib,0.001,salt_pepper,0.3,0.4164,0.8078258396148682,0.5553813602447509
fashion_mnist_vib_beta_0_001,fashion_mnist,vib,0.001,salt_pepper,0.4,0.3381,0.8131894510269165,0.5420041536331177
fashion_mnist_vib_beta_0_001,fashion_mnist,vib,0.001,blur,0.0,0.9176,0.9410978385925293,0.16660690593719482
fashion_mnist_vib_beta_0_001,fashion_mnist,vib,0.001,blur,0.1,0.8559,0.8591578647613526,0.41986621222496034
fashion_mnist_vib_beta_0_001,fashion_mnist,vib,0.001,blur,0.2,0.8559,0.8591578647613526,0.41986621222496034
fashion_mnist_vib_beta_0_001,fashion_mnist,vib,0.001,blur,0.3,0.651,0.723396581363678,0.8202471036911011
fashion_mnist_vib_beta_0_001,fashion_mnist,vib,0.001,blur,0.4,0.651,0.723396581363678,0.8202471036911011
fashion_mnist_vib_beta_0_001,fashion_mnist,vib,0.001,contrast,0.0,0.9176,0.9410978385925293,0.16660690593719482
fashion_mnist_vib_beta_0_001,fashion_mnist,vib,0.001,contrast,0.1,0.8466,0.8253306741714478,0.5506834080696106
fashion_mnist_vib_beta_0_001,fashion_mnist,vib,0.001,contrast,0.2,0.6693,0.734665038394928,0.8091025707244873
fashion_mnist_vib_beta_0_001,fashion_mnist,vib,0.001,contrast,0.3,0.5532,0.7043946083068847,0.905218631362915
fashion_mnist_vib_beta_0_001,fashion_mnist,vib,0.001,contrast,0.4,0.4113,0.6994823095321655,0.9159097986221314
fashion_mnist_vib_beta_0_003,fashion_mnist,vib,0.003,gaussian,0.0,0.9198,0.941420522403717,0.16606927905082702
fashion_mnist_vib_beta_0_003,fashion_mnist,vib,0.003,gaussian,0.1,0.8561,0.8639655335426331,0.4277288299560547
fashion_mnist_vib_beta_0_003,fashion_mnist,vib,0.003,gaussian,0.2,0.5617,0.7023700117111206,0.901114073085785
fashion_mnist_vib_beta_0_003,fashion_mnist,vib,0.003,gaussian,0.3,0.3016,0.6875109910964966,0.9151325256347657
fashion_mnist_vib_beta_0_003,fashion_mnist,vib,0.003,gaussian,0.4,0.1997,0.7236342494964599,0.797094214630127
fashion_mnist_vib_beta_0_003,fashion_mnist,vib,0.003,salt_pepper,0.0,0.9198,0.941420522403717,0.16606927905082702
fashion_mnist_vib_beta_0_003,fashion_mnist,vib,0.003,salt_pepper,0.1,0.7663,0.8575631217956543,0.4085624765396118
fashion_mnist_vib_beta_0_003,fashion_mnist,vib,0.003,salt_pepper,0.2,0.5779,0.7948013772964477,0.5884657829284669
fashion_mnist_vib_beta_0_003,fashion_mnist,vib,0.003,salt_pepper,0.3,0.4486,0.7727939060211182,0.6498906866073608
fashion_mnist_vib_beta_0_003,fashion_mnist,vib,0.003,salt_pepper,0.4,0.3578,0.7605944988250732,0.6808233622550964
fashion_mnist_vib_beta_0_003,fashion_mnist,vib,0.003,blur,0.0,0.9198,0.941420522403717,0.16606927905082702
fashion_mnist_vib_beta_0_003,fashion_mnist,vib,0.003,blur,0.1,0.8591,0.8671698088645935,0.4060655766487122
fashion_mnist_vib_beta_0_003,fashion_mnist,vib,0.003,blur,0.2,0.8591,0.8671698088645935,0.4060655766487122
fashion_mnist_vib_beta_0_003,fashion_mnist,vib,0.003,blur,0.3,0.6349,0.6969682609558105,0.9053454021453857
fashion_mnist_vib_beta_0_003,fashion_mnist,vib,0.003,blur,0.4,0.6349,0.6969682609558105,0.9053454021453857
fashion_mnist_vib_beta_0_003,fashion_mnist,vib,0.003,contrast,0.0,0.9198,0.941420522403717,0.16606927905082702
fashion_mnist_vib_beta_0_003,fashion_mnist,vib,0.003,contrast,0.1,0.8418,0.8338524539947509,0.5311912879943848
fashion_mnist_vib_beta_0_003,fashion_mnist,vib,0.003,contrast,0.2,0.7284,0.7413359269142151,0.8194624466896057
fashion_mnist_vib_beta_0_003,fashion_mnist,vib,0.003,contrast,0.3,0.6513,0.6740716863632202,1.0169932926177978
fashion_mnist_vib_beta_0_003,fashion_mnist,vib,0.003,contrast,0.4,0.5627,0.6141586433410644,1.18047593460083
fashion_mnist_vib_beta_0_01,fashion_mnist,vib,0.01,gaussian,0.0,0.9217,0.9501507513046265,0.14157090067863465
fashion_mnist_vib_beta_0_01,fashion_mnist,vib,0.01,gaussian,0.1,0.867,0.8915273283958435,0.3468515193462372
fashion_mnist_vib_beta_0_01,fashion_mnist,vib,0.01,gaussian,0.2,0.6009,0.7363290258407593,0.824664554309845
fashion_mnist_vib_beta_0_01,fashion_mnist,vib,0.01,gaussian,0.3,0.3118,0.7239787873268128,0.8547325218200683
fashion_mnist_vib_beta_0_01,fashion_mnist,vib,0.01,gaussian,0.4,0.1814,0.7930964460372925,0.6591475323677063
fashion_mnist_vib_beta_0_01,fashion_mnist,vib,0.01,salt_pepper,0.0,0.9217,0.9501507513046265,0.14157090067863465
fashion_mnist_vib_beta_0_01,fashion_mnist,vib,0.01,salt_pepper,0.1,0.8068,0.888576738166809,0.3267376475334168
fashion_mnist_vib_beta_0_01,fashion_mnist,vib,0.01,salt_pepper,0.2,0.6446,0.8300332370758057,0.5044806285858154
fashion_mnist_vib_beta_0_01,fashion_mnist,vib,0.01,salt_pepper,0.3,0.4991,0.8012542468070983,0.5948473298072815
fashion_mnist_vib_beta_0_01,fashion_mnist,vib,0.01,salt_pepper,0.4,0.3868,0.7938023366928101,0.6194205381393433
fashion_mnist_vib_beta_0_01,fashion_mnist,vib,0.01,blur,0.0,0.9217,0.9501507513046265,0.14157090067863465
fashion_mnist_vib_beta_0_01,fashion_mnist,vib,0.01,blur,0.1,0.8513,0.8877427434921265,0.3302068601608276
fashion_mnist_vib_beta_0_01,fashion_mnist,vib,0.01,blur,0.2,0.8513,0.8877427434921265,0.3302068601608276
fashion_mnist_vib_beta_0_01,fashion_mnist,vib,0.01,blur,0.3,0.6379,0.7587885158538819,0.6920122170448303
fashion_mnist_vib_beta_0_01,fashion_mnist,vib,0.01,blur,0.4,0.6379,0.7587885158538819,0.6920122170448303
fashion_mnist_vib_beta_0_01,fashion_mnist,vib,0.01,contrast,0.0,0.9217,0.9501507513046265,0.14157090067863465
fashion_mnist_vib_beta_0_01,fashion_mnist,vib,0.01,contrast,0.1,0.8389,0.8418504338264465,0.4894543007850647
fashion_mnist_vib_beta_0_01,fashion_mnist,vib,0.01,contrast,0.2,0.721,0.761679151725769,0.721518350982666
fashion_mnist_vib_beta_0_01,fashion_mnist,vib,0.01,contrast,0.3,0.6043,0.7092110683441162,0.8687025871276856
fashion_mnist_vib_beta_0_01,fashion_mnist,vib,0.01,contrast,0.4,0.449,0.69379900598526,0.9160827034950256
fashion_mnist_vib_beta_0_03,fashion_mnist,vib,0.03,gaussian,0.0,0.9229,0.9515757157325745,0.14388500547409058
fashion_mnist_vib_beta_0_03,fashion_mnist,vib,0.03,gaussian,0.1,0.8454,0.8776557107925415,0.38944577765464783
fashion_mnist_vib_beta_0_03,fashion_mnist,vib,0.03,gaussian,0.2,0.4926,0.7403335584640502,0.8083167673110961
fashion_mnist_vib_beta_0_03,fashion_mnist,vib,0.03,gaussian,0.3,0.2289,0.7947081937789917,0.6560296915054321
fashion_mnist_vib_beta_0_03,fashion_mnist,vib,0.03,gaussian,0.4,0.1324,0.87983975315094,0.4099651025772095
fashion_mnist_vib_beta_0_03,fashion_mnist,vib,0.03,salt_pepper,0.0,0.9229,0.9515757157325745,0.14388500547409058
fashion_mnist_vib_beta_0_03,fashion_mnist,vib,0.03,salt_pepper,0.1,0.7605,0.853047989654541,0.4294250191688538
fashion_mnist_vib_beta_0_03,fashion_mnist,vib,0.03,salt_pepper,0.2,0.5466,0.7896923228263855,0.6206386684417725
fashion_mnist_vib_beta_0_03,fashion_mnist,vib,0.03,salt_pepper,0.3,0.4009,0.7786233291625977,0.6612476999282837
fashion_mnist_vib_beta_0_03,fashion_mnist,vib,0.03,salt_pepper,0.4,0.2966,0.7930698419570923,0.6255754434585571
fashion_mnist_vib_beta_0_03,fashion_mnist,vib,0.03,blur,0.0,0.9229,0.9515757157325745,0.14388500547409058
fashion_mnist_vib_beta_0_03,fashion_mnist,vib,0.03,blur,0.1,0.8395,0.893397402381897,0.3187121526241303
fashion_mnist_vib_beta_0_03,fashion_mnist,vib,0.03,blur,0.2,0.8395,0.893397402381897,0.3187121526241303
fashion_mnist_vib_beta_0_03,fashion_mnist,vib,0.03,blur,0.3,0.5961,0.7941635396003723,0.6318007202148438
fashion_mnist_vib_beta_0_03,fashion_mnist,vib,0.03,blur,0.4,0.5961,0.7941635396003723,0.6318007202148438
fashion_mnist_vib_beta_0_03,fashion_mnist,vib,0.03,contrast,0.0,0.9229,0.9515757157325745,0.14388500547409058
fashion_mnist_vib_beta_0_03,fashion_mnist,vib,0.03,contrast,0.1,0.8401,0.8583780261039734,0.4557665512084961
fashion_mnist_vib_beta_0_03,fashion_mnist,vib,0.03,contrast,0.2,0.7379,0.7743171200752258,0.7066112924575806
fashion_mnist_vib_beta_0_03,fashion_mnist,vib,0.03,contrast,0.3,0.6376,0.7326082973480225,0.8363439264297485
fashion_mnist_vib_beta_0_03,fashion_mnist,vib,0.03,contrast,0.4,0.4891,0.7263269238471984,0.8527178990364075
fashion_mnist_vib_beta_0_1,fashion_mnist,vib,0.1,gaussian,0.0,0.9186,0.9397837038993836,0.19595917949676514
fashion_mnist_vib_beta_0_1,fashion_mnist,vib,0.1,gaussian,0.1,0.8388,0.8548393099784851,0.4823024181365967
fashion_mnist_vib_beta_0_1,fashion_mnist,vib,0.1,gaussian,0.2,0.522,0.6823876111984253,1.009882707977295
fashion_mnist_vib_beta_0_1,fashion_mnist,vib,0.1,gaussian,0.3,0.2428,0.682372513961792,1.01818244972229
fashion_mnist_vib_beta_0_1,fashion_mnist,vib,0.1,gaussian,0.4,0.1613,0.7410339725494385,0.8529505737304688
fashion_mnist_vib_beta_0_1,fashion_mnist,vib,0.1,salt_pepper,0.0,0.9186,0.9397837038993836,0.19595917949676514
fashion_mnist_vib_beta_0_1,fashion_mnist,vib,0.1,salt_pepper,0.1,0.7579,0.8445488105773926,0.47262582550048826
fashion_mnist_vib_beta_0_1,fashion_mnist,vib,0.1,salt_pepper,0.2,0.561,0.7693086099624634,0.7056472522735596
fashion_mnist_vib_beta_0_1,fashion_mnist,vib,0.1,salt_pepper,0.3,0.4075,0.7376528154373169,0.8088536402702332
fashion_mnist_vib_beta_0_1,fashion_mnist,vib,0.1,salt_pepper,0.4,0.3085,0.7349179650306702,0.8276920620918274
fashion_mnist_vib_beta_0_1,fashion_mnist,vib,0.1,blur,0.0,0.9186,0.9397837038993836,0.19595917949676514
fashion_mnist_vib_beta_0_1,fashion_mnist,vib,0.1,blur,0.1,0.856,0.8790855916023255,0.385475962638855
fashion_mnist_vib_beta_0_1,fashion_mnist,vib,0.1,blur,0.2,0.856,0.8790855916023255,0.385475962638855
fashion_mnist_vib_beta_0_1,fashion_mnist,vib,0.1,blur,0.3,0.6096,0.7804460489273072,0.6883521060943604
fashion_mnist_vib_beta_0_1,fashion_mnist,vib,0.1,blur,0.4,0.6096,0.7804460489273072,0.6883521060943604
fashion_mnist_vib_beta_0_1,fashion_mnist,vib,0.1,contrast,0.0,0.9186,0.9397837038993836,0.19595917949676514
fashion_mnist_vib_beta_0_1,fashion_mnist,vib,0.1,contrast,0.1,0.8273,0.8221002011299133,0.5993710875511169
fashion_mnist_vib_beta_0_1,fashion_mnist,vib,0.1,contrast,0.2,0.7368,0.7423074088096618,0.8306561256408691
fashion_mnist_vib_beta_0_1,fashion_mnist,vib,0.1,contrast,0.3,0.5896,0.6884622455596924,0.969896346282959
fashion_mnist_vib_beta_0_1,fashion_mnist,vib,0.1,contrast,0.4,0.3806,0.6984156352996826,0.9340295079231262
fashion_mnist_vib_beta_0_3,fashion_mnist,vib,0.3,gaussian,0.0,0.9166,0.8702982248306275,0.4731832103252411
fashion_mnist_vib_beta_0_3,fashion_mnist,vib,0.3,gaussian,0.1,0.8465,0.7280601279258728,0.9124008399963379
fashion_mnist_vib_beta_0_3,fashion_mnist,vib,0.3,gaussian,0.2,0.52,0.5269885676383972,1.4457977279663086
fashion_mnist_vib_beta_0_3,fashion_mnist,vib,0.3,gaussian,0.3,0.2359,0.5510542160987854,1.43594397315979
fashion_mnist_vib_beta_0_3,fashion_mnist,vib,0.3,gaussian,0.4,0.1366,0.651929052734375,1.2179142040252686
fashion_mnist_vib_beta_0_3,fashion_mnist,vib,0.3,salt_pepper,0.0,0.9166,0.8702982248306275,0.4731832103252411
fashion_mnist_vib_beta_0_3,fashion_mnist,vib,0.3,salt_pepper,0.1,0.8014,0.7461368878364563,0.7878767679214478
fashion_mnist_vib_beta_0_3,fashion_mnist,vib,0.3,salt_pepper,0.2,0.6304,0.6461949491500855,1.0640623779296876
fashion_mnist_vib_beta_0_3,fashion_mnist,vib,0.3,salt_pepper,0.3,0.4847,0.5929284791946411,1.2271310485839844
fashion_mnist_vib_beta_0_3,fashion_mnist,vib,0.3,salt_pepper,0.4,0.37,0.5771065892219543,1.2934364152908324
fashion_mnist_vib_beta_0_3,fashion_mnist,vib,0.3,blur,0.0,0.9166,0.8702982248306275,0.4731832103252411
fashion_mnist_vib_beta_0_3,fashion_mnist,vib,0.3,blur,0.1,0.8222,0.7798082131385803,0.7407090178489685
fashion_mnist_vib_beta_0_3,fashion_mnist,vib,0.3,blur,0.2,0.8222,0.7798082131385803,0.7407090178489685
fashion_mnist_vib_beta_0_3,fashion_mnist,vib,0.3,blur,0.3,0.5672,0.6620786840438843,1.0591651823043824
fashion_mnist_vib_beta_0_3,fashion_mnist,vib,0.3,blur,0.4,0.5672,0.6620786840438843,1.0591651823043824
fashion_mnist_vib_beta_0_3,fashion_mnist,vib,0.3,contrast,0.0,0.9166,0.8702982248306275,0.4731832103252411
fashion_mnist_vib_beta_0_3,fashion_mnist,vib,0.3,contrast,0.1,0.7906,0.682111578655243,1.0214553953170777
fashion_mnist_vib_beta_0_3,fashion_mnist,vib,0.3,contrast,0.2,0.6731,0.5879651207923889,1.2735815809249877
fashion_mnist_vib_beta_0_3,fashion_mnist,vib,0.3,contrast,0.3,0.5107,0.5556872686386108,1.3906247135162353
fashion_mnist_vib_beta_0_3,fashion_mnist,vib,0.3,contrast,0.4,0.4013,0.5671227890968322,1.4033910583496094
fashion_mnist_vib_beta_1,fashion_mnist,vib,1.0,gaussian,0.0,0.6014,0.10447386012077331,2.3021996543884278
fashion_mnist_vib_beta_1,fashion_mnist,vib,1.0,gaussian,0.1,0.5621,0.1036111281633377,2.302298272705078
fashion_mnist_vib_beta_1,fashion_mnist,vib,1.0,gaussian,0.2,0.2361,0.1029518987417221,2.302373400115967
fashion_mnist_vib_beta_1,fashion_mnist,vib,1.0,gaussian,0.3,0.163,0.10293418623209,2.3023877643585204
fashion_mnist_vib_beta_1,fashion_mnist,vib,1.0,gaussian,0.4,0.1408,0.10296533907651902,2.302389223480225
fashion_mnist_vib_beta_1,fashion_mnist,vib,1.0,salt_pepper,0.0,0.6014,0.10447386012077331,2.3021996543884278
fashion_mnist_vib_beta_1,fashion_mnist,vib,1.0,salt_pepper,0.1,0.5149,0.10358143954277038,2.3022995391845704
fashion_mnist_vib_beta_1,fashion_mnist,vib,1.0,salt_pepper,0.2,0.3507,0.10317777769565582,2.30234881401062
fashion_mnist_vib_beta_1,fashion_mnist,vib,1.0,salt_pepper,0.3,0.2673,0.10306850509643554,2.3023703407287597
fashion_mnist_vib_beta_1,fashion_mnist,vib,1.0,salt_pepper,0.4,0.2235,0.10304593237638474,2.302380849456787
fashion_mnist_vib_beta_1,fashion_mnist,vib,1.0,blur,0.0,0.6014,0.10447386012077331,2.3021996543884278
fashion_mnist_vib_beta_1,fashion_mnist,vib,1.0,blur,0.1,0.5115,0.10394708207845688,2.3022467559814452
fashion_mnist_vib_beta_1,fashion_mnist,vib,1.0,blur,0.2,0.5115,0.10394708207845688,2.3022467559814452
fashion_mnist_vib_beta_1,fashion_mnist,vib,1.0,blur,0.3,0.3593,0.10354138770103455,2.302285564804077
fashion_mnist_vib_beta_1,fashion_mnist,vib,1.0,blur,0.4,0.3593,0.10354138770103455,2.302285564804077
fashion_mnist_vib_beta_1,fashion_mnist,vib,1.0,contrast,0.0,0.6014,0.10447386012077331,2.3021996543884278
fashion_mnist_vib_beta_1,fashion_mnist,vib,1.0,contrast,0.1,0.5467,0.10364290311336517,2.302283437347412
fashion_mnist_vib_beta_1,fashion_mnist,vib,1.0,contrast,0.2,0.3223,0.10312593449354172,2.30233625831604
fashion_mnist_vib_beta_1,fashion_mnist,vib,1.0,contrast,0.3,0.2646,0.10300407469272614,2.3023537033081056
fashion_mnist_vib_beta_1,fashion_mnist,vib,1.0,contrast,0.4,0.2226,0.10288641014099122,2.3023727905273437
mnist_cnn_baseline,mnist,cnn,0.0,gaussian,0.0,0.9881,0.9925339536666871,0.021365869338158518
mnist_cnn_baseline,mnist,cnn,0.0,gaussian,0.1,0.9872,0.9902911145210266,0.02823165598642081
mnist_cnn_baseline,mnist,cnn,0.0,gaussian,0.2,0.9792,0.9812267322540283,0.0549353552095592
mnist_cnn_baseline,mnist,cnn,0.0,gaussian,0.3,0.9317,0.9450656155586242,0.15574455305337906
mnist_cnn_baseline,mnist,cnn,0.0,gaussian,0.4,0.7508,0.870299145412445,0.34804349403381346
mnist_cnn_baseline,mnist,cnn,0.0,salt_pepper,0.0,0.9881,0.9925339536666871,0.021365869338158518
mnist_cnn_baseline,mnist,cnn,0.0,salt_pepper,0.1,0.98,0.9857521948814392,0.040725977899879216
mnist_cnn_baseline,mnist,cnn,0.0,salt_pepper,0.2,0.9571,0.9720377534866333,0.07799864287972451
mnist_cnn_baseline,mnist,cnn,0.0,salt_pepper,0.3,0.9172,0.9505429215431214,0.1350008061170578
mnist_cnn_baseline,mnist,cnn,0.0,salt_pepper,0.4,0.8543,0.922861258983612,0.2069118356704712
mnist_cnn_baseline,mnist,cnn,0.0,blur,0.0,0.9881,0.9925339536666871,0.021365869338158518
mnist_cnn_baseline,mnist,cnn,0.0,blur,0.1,0.9836,0.9816316228866577,0.058253804121166465
mnist_cnn_baseline,mnist,cnn,0.0,blur,0.2,0.9836,0.9816316228866577,0.058253804121166465
mnist_cnn_baseline,mnist,cnn,0.0,blur,0.3,0.9438,0.8878998106002808,0.38281931624412535
mnist_cnn_baseline,mnist,cnn,0.0,blur,0.4,0.9438,0.8878998106002808,0.38281931624412535
mnist_cnn_baseline,mnist,cnn,0.0,contrast,0.0,0.9881,0.9925339536666871,0.021365869338158518
mnist_cnn_baseline,mnist,cnn,0.0,contrast,0.1,0.9874,0.9913929653167725,0.02512650325167924
mnist_cnn_baseline,mnist,cnn,0.0,contrast,0.2,0.9865,0.9891897226333618,0.032142517123185096
mnist_cnn_baseline,mnist,cnn,0.0,contrast,0.3,0.9849,0.9844347961425781,0.0474140690907836
mnist_cnn_baseline,mnist,cnn,0.0,contrast,0.4,0.9731,0.9713396805763245,0.08926650948226451
mnist_vib_beta_0,mnist,vib,0.0,gaussian,0.0,0.9896,0.9941929437637329,0.016779821604304017
mnist_vib_beta_0,mnist,vib,0.0,gaussian,0.1,0.9887,0.9926443347930908,0.021734243476344273
mnist_vib_beta_0,mnist,vib,0.0,gaussian,0.2,0.9822,0.9857733927726745,0.04322217280715704
mnist_vib_beta_0,mnist,vib,0.0,gaussian,0.3,0.9459,0.9527946038246154,0.13603976843953133
mnist_vib_beta_0,mnist,vib,0.0,gaussian,0.4,0.7906,0.8838764145851136,0.3182710949897766
mnist_vib_beta_0,mnist,vib,0.0,salt_pepper,0.0,0.9896,0.9941929437637329,0.016779821604304017
mnist_vib_beta_0,mnist,vib,0.0,salt_pepper,0.1,0.9778,0.9865906196594239,0.03844889348745346
mnist_vib_beta_0,mnist,vib,0.0,salt_pepper,0.2,0.9517,0.9718247596740722,0.07817086049318314
mnist_vib_beta_0,mnist,vib,0.0,salt_pepper,0.3,0.9098,0.9490919422149658,0.13710254331827162
mnist_vib_beta_0,mnist,vib,0.0,salt_pepper,0.4,0.8519,0.9248674949645996,0.19987254683971406
mnist_vib_beta_0,mnist,vib,0.0,blur,0.0,0.9896,0.9941929437637329,0.016779821604304017
mnist_vib_beta_0,mnist,vib,0.0,blur,0.1,0.9882,0.9852310166358947,0.049560261558368804
mnist_vib_beta_0,mnist,vib,0.0,blur,0.2,0.9882,0.9852310166358947,0.049560261558368804
mnist_vib_beta_0,mnist,vib,0.0,blur,0.3,0.9616,0.8950218275070191,0.3787175320148468
mnist_vib_beta_0,mnist,vib,0.0,blur,0.4,0.9616,0.8950218275070191,0.3787175320148468
mnist_vib_beta_0,mnist,vib,0.0,contrast,0.0,0.9896,0.9941929437637329,0.016779821604304017
mnist_vib_beta_0,mnist,vib,0.0,contrast,0.1,0.9897,0.9934815608978271,0.019466962859081106
mnist_vib_beta_0,mnist,vib,0.0,contrast,0.2,0.9892,0.9922191896438599,0.024142213348392397
mnist_vib_beta_0,mnist,vib,0.0,contrast,0.3,0.9881,0.9894545076370239,0.03407419628165662
mnist_vib_beta_0,mnist,vib,0.0,contrast,0.4,0.9835,0.980413139629364,0.06403736614584923
mnist_vib_beta_1em05,mnist,vib,1e-05,gaussian,0.0,0.9911,0.9938493274688721,0.018902848177775742
mnist_vib_beta_1em05,mnist,vib,1e-05,gaussian,0.1,0.9901,0.9917501906394959,0.026278733211383222
mnist_vib_beta_1em05,mnist,vib,1e-05,gaussian,0.2,0.9831,0.9817009098052979,0.060020873473212125
mnist_vib_beta_1em05,mnist,vib,1e-05,gaussian,0.3,0.9295,0.9333934335708618,0.19906701040267943
mnist_vib_beta_1em05,mnist,vib,1e-05,gaussian,0.4,0.7706,0.8619613689422607,0.3973855751991272
mnist_vib_beta_1em05,mnist,vib,1e-05,salt_pepper,0.0,0.9911,0.9938493274688721,0.018902848177775742
mnist_vib_beta_1em05,mnist,vib,1e-05,salt_pepper,0.1,0.9786,0.982246760559082,0.05354853674918413
mnist_vib_beta_1em05,mnist,vib,1e-05,salt_pepper,0.2,0.9459,0.9593555854797363,0.11430231392383576
mnist_vib_beta_1em05,mnist,vib,1e-05,salt_pepper,0.3,0.8883,0.9327327874183655,0.18707016916275024
mnist_vib_beta_1em05,mnist,vib,1e-05,salt_pepper,0.4,0.8242,0.9065330896377564,0.2604976962804794
mnist_vib_beta_1em05,mnist,vib,1e-05,blur,0.0,0.9911,0.9938493274688721,0.018902848177775742
mnist_vib_beta_1em05,mnist,vib,1e-05,blur,0.1,0.9899,0.9824791925430297,0.06476768097728491
mnist_vib_beta_1em05,mnist,vib,1e-05,blur,0.2,0.9899,0.9824791925430297,0.06476768097728491
mnist_vib_beta_1em05,mnist,vib,1e-05,blur,0.3,0.9558,0.8637160132408143,0.5058152842044831
mnist_vib_beta_1em05,mnist,vib,1e-05,blur,0.4,0.9558,0.8637160132408143,0.5058152842044831
mnist_vib_beta_1em05,mnist,vib,1e-05,contrast,0.0,0.9911,0.9938493274688721,0.018902848177775742
mnist_vib_beta_1em05,mnist,vib,1e-05,contrast,0.1,0.9911,0.992878274345398,0.02281890309099108
mnist_vib_beta_1em05,mnist,vib,1e-05,contrast,0.2,0.9906,0.991127844619751,0.029605989760905504
mnist_vib_beta_1em05,mnist,vib,1e-05,contrast,0.3,0.9889,0.9873841386795044,0.04429691745340824
mnist_vib_beta_1em05,mnist,vib,1e-05,contrast,0.4,0.9824,0.9734329021453857,0.09146275787949562
mnist_vib_beta_3em05,mnist,vib,3e-05,gaussian,0.0,0.9917,0.9938545665740967,0.019360061598848552
mnist_vib_beta_3em05,mnist,vib,3e-05,gaussian,0.1,0.9908,0.9915300930023193,0.02730710798203945
mnist_vib_beta_3em05,mnist,vib,3e-05,gaussian,0.2,0.9848,0.9814965057373047,0.06339278044104577
mnist_vib_beta_3em05,mnist,vib,3e-05,gaussian,0.3,0.9349,0.9241424357414245,0.2459276497364044
mnist_vib_beta_3em05,mnist,vib,3e-05,gaussian,0.4,0.7349,0.8139419322013854,0.5584620442390442
mnist_vib_beta_3em05,mnist,vib,3e-05,salt_pepper,0.0,0.9917,0.9938545665740967,0.019360061598848552
mnist_vib_beta_3em05,mnist,vib,3e-05,salt_pepper,0.1,0.9821,0.9847584823608398,0.048970138296484944
mnist_vib_beta_3em05,mnist,vib,3e-05,salt_pepper,0.2,0.9621,0.9631956008911133,0.11376146012544631
mnist_vib_beta_3em05,mnist,vib,3e-05,salt_pepper,0.3,0.9131,0.929622953414917,0.21274266846179962
mnist_vib_beta_3em05,mnist,vib,3e-05,salt_pepper,0.4,0.8484,0.8882644985198974,0.33237621545791624
mnist_vib_beta_3em05,mnist,vib,3e-05,blur,0.0,0.9917,0.9938545665740967,0.019360061598848552
mnist_vib_beta_3em05,mnist,vib,3e-05,blur,0.1,0.9893,0.9802376945495606,0.07894863576292992
mnist_vib_beta_3em05,mnist,vib,3e-05,blur,0.2,0.9893,0.9802376945495606,0.07894863576292992
mnist_vib_beta_3em05,mnist,vib,3e-05,blur,0.3,0.9553,0.8315387327194214,0.6480580709457398
mnist_vib_beta_3em05,mnist,vib,3e-05,blur,0.4,0.9553,0.8315387327194214,0.6480580709457398
mnist_vib_beta_3em05,mnist,vib,3e-05,contrast,0.0,0.9917,0.9938545665740967,0.019360061598848552
mnist_vib_beta_3em05,mnist,vib,3e-05,contrast,0.1,0.9915,0.9927831405639649,0.023659214480407535
mnist_vib_beta_3em05,mnist,vib,3e-05,contrast,0.2,0.9914,0.9909428796768188,0.03141232342272997
mnist_vib_beta_3em05,mnist,vib,3e-05,contrast,0.3,0.9906,0.9861335884094238,0.05093785283267498
mnist_vib_beta_3em05,mnist,vib,3e-05,contrast,0.4,0.9842,0.9694556649208069,0.11516768959760666
mnist_vib_beta_0_0001,mnist,vib,0.0001,gaussian,0.0,0.9926,0.9939027620315551,0.020496723346039653
mnist_vib_beta_0_0001,mnist,vib,0.0001,gaussian,0.1,0.9919,0.9914306350708008,0.030093635649234056
mnist_vib_beta_0_0001,mnist,vib,0.0001,gaussian,0.2,0.9849,0.9788654596328735,0.08016473880261182
mnist_vib_beta_0_0001,mnist,vib,0.0001,gaussian,0.3,0.9169,0.9049748418807984,0.31693866193294523
mnist_vib_beta_0_0001,mnist,vib,0.0001,gaussian,0.4,0.7211,0.7904367839813232,0.6531775430679321
mnist_vib_beta_0_0001,mnist,vib,0.0001,salt_pepper,0.0,0.9926,0.9939027620315551,0.020496723346039653
mnist_vib_beta_0_0001,mnist,vib,0.0001,salt_pepper,0.1,0.982,0.9818952013015747,0.06138049201667309
mnist_vib_beta_0_0001,mnist,vib,0.0001,salt_pepper,0.2,0.9511,0.9527162704467773,0.15041011989116668
mnist_vib_beta_0_0001,mnist,vib,0.0001,salt_pepper,0.3,0.8912,0.9143608320236206,0.2683228271484375
mnist_vib_beta_0_0001,mnist,vib,0.0001,salt_pepper,0.4,0.8182,0.8707266457557679,0.40077761888504027
mnist_vib_beta_0_0001,mnist,vib,0.0001,blur,0.0,0.9926,0.9939027620315551,0.020496723346039653
mnist_vib_beta_0_0001,mnist,vib,0.0001,blur,0.1,0.9893,0.9740315288543702,0.11590752481818199
mnist_vib_beta_0_0001,mnist,vib,0.0001,blur,0.2,0.9893,0.9740315288543702,0.11590752481818199
mnist_vib_beta_0_0001,mnist,vib,0.0001,blur,0.3,0.9579,0.7777399728775024,0.8663551704406738
mnist_vib_beta_0_0001,mnist,vib,0.0001,blur,0.4,0.9579,0.7777399728775024,0.8663551704406738
mnist_vib_beta_0_0001,mnist,vib,0.0001,contrast,0.0,0.9926,0.9939027620315551,0.020496723346039653
mnist_vib_beta_0_0001,mnist,vib,0.0001,contrast,0.1,0.9925,0.9926168111801148,0.026600996489077808
mnist_vib_beta_0_0001,mnist,vib,0.0001,contrast,0.2,0.9921,0.9897018004417419,0.0398120537340641
mnist_vib_beta_0_0001,mnist,vib,0.0001,contrast,0.3,0.989,0.9808068302154541,0.07890222417414189
mnist_vib_beta_0_0001,mnist,vib,0.0001,contrast,0.4,0.9811,0.9563020107269287,0.17698886399269104
mnist_vib_beta_0_0003,mnist,vib,0.0003,gaussian,0.0,0.9915,0.9934638278961182,0.02118878081254661
mnist_vib_beta_0_0003,mnist,vib,0.0003,gaussian,0.1,0.9904,0.9911898111343383,0.03163023077994585
mnist_vib_beta_0_0003,mnist,vib,0.0003,gaussian,0.2,0.9833,0.9770874118804932,0.09086414577960968
mnist_vib_beta_0_0003,mnist,vib,0.0003,gaussian,0.3,0.9068,0.8889441547393799,0.3767528731822968
mnist_vib_beta_0_0003,mnist,vib,0.0003,gaussian,0.4,0.6708,0.7663139071464539,0.7362267778396606
mnist_vib_beta_0_0003,mnist,vib,0.0003,salt_pepper,0.0,0.9915,0.9934638278961182,0.02118878081254661
mnist_vib_beta_0_0003,mnist,vib,0.0003,salt_pepper,0.1,0.9769,0.9767422415733338,0.0798904359459877
mnist_vib_beta_0_0003,mnist,vib,0.0003,salt_pepper,0.2,0.9329,0.9391062170028687,0.19773858065605163
mnist_vib_beta_0_0003,mnist,vib,0.0003,salt_pepper,0.3,0.8588,0.8926972627639771,0.33832798085212706
mnist_vib_beta_0_0003,mnist,vib,0.0003,salt_pepper,0.4,0.7702,0.8447193934440613,0.48052074341773987
mnist_vib_beta_0_0003,mnist,vib,0.0003,blur,0.0,0.9915,0.9934638278961182,0.02118878081254661
mnist_vib_beta_0_0003,mnist,vib,0.0003,blur,0.1,0.9898,0.9688625322341919,0.1455459959745407
mnist_vib_beta_0_0003,mnist,vib,0.0003,blur,0.2,0.9898,0.9688625322341919,0.1455459959745407
mnist_vib_beta_0_0003,mnist,vib,0.0003,blur,0.3,0.9643,0.7437228192329407,0.9961431591033936
mnist_vib_beta_0_0003,mnist,vib,0.0003,blur,0.4,0.9643,0.7437228192329407,0.9961431591033936
mnist_vib_beta_0_0003,mnist,vib,0.0003,contrast,0.0,0.9915,0.9934638278961182,0.02118878081254661
mnist_vib_beta_0_0003,mnist,vib,0.0003,contrast,0.1,0.9915,0.991951324081421,0.028417481518536805
mnist_vib_beta_0_0003,mnist,vib,0.0003,contrast,0.2,0.99,0.988589831829071,0.04545426728725433
mnist_vib_beta_0_0003,mnist,vib,0.0003,contrast,0.3,0.9863,0.9755541341781616,0.10534479378461838
mnist_vib_beta_0_0003,mnist,vib,0.0003,contrast,0.4,0.9752,0.9376191783905029,0.2610780163049698
mnist_vib_beta_0_001,mnist,vib,0.001,gaussian,0.0,0.9908,0.9942126194000244,0.020133399911224842
mnist_vib_beta_0_001,mnist,vib,0.001,gaussian,0.1,0.9899,0.9915426485061646,0.033393564012646676
mnist_vib_beta_0_001,mnist,vib,0.001,gaussian,0.2,0.9837,0.9765227097511292,0.10213571746349334
mnist_vib_beta_0_001,mnist,vib,0.001,gaussian,0.3,0.9167,0.8770062004089355,0.450806432723999
mnist_vib_beta_0_001,mnist,vib,0.001,gaussian,0.4,0.6828,0.7091872203826904,0.9641655199050904
mnist_vib_beta_0_001,mnist,vib,0.001,salt_pepper,0.0,0.9908,0.9942126194000244,0.020133399911224842
mnist_vib_beta_0_001,mnist,vib,0.001,salt_pepper,0.1,0.9825,0.9836313266754151,0.060213234663009645
mnist_vib_beta_0_001,mnist,vib,0.001,salt_pepper,0.2,0.9557,0.9537035933494568,0.16519258505105971
mnist_vib_beta_0_001,mnist,vib,0.001,salt_pepper,0.3,0.8978,0.9013071724891663,0.33675274510383607
mnist_vib_beta_0_001,mnist,vib,0.001,salt_pepper,0.4,0.8137,0.8353090860366821,0.543730173110962
mnist_vib_beta_0_001,mnist,vib,0.001,blur,0.0,0.9908,0.9942126194000244,0.020133399911224842
mnist_vib_beta_0_001,mnist,vib,0.001,blur,0.1,0.9876,0.9678200420379639,0.15711538803577424
mnist_vib_beta_0_001,mnist,vib,0.001,blur,0.2,0.9876,0.9678200420379639,0.15711538803577424
mnist_vib_beta_0_001,mnist,vib,0.001,blur,0.3,0.9504,0.757777839756012,0.9562407688140869
mnist_vib_beta_0_001,mnist,vib,0.001,blur,0.4,0.9504,0.757777839756012,0.9562407688140869
mnist_vib_beta_0_001,mnist,vib,0.001,contrast,0.0,0.9908,0.9942126194000244,0.020133399911224842
mnist_vib_beta_0_001,mnist,vib,0.001,contrast,0.1,0.9904,0.9923696262359619,0.029844294373691082
mnist_vib_beta_0_001,mnist,vib,0.001,contrast,0.2,0.9897,0.9875245462417602,0.05531914140284062
mnist_vib_beta_0_001,mnist,vib,0.001,contrast,0.3,0.9855,0.9689047828674316,0.14474410520792008
mnist_vib_beta_0_001,mnist,vib,0.001,contrast,0.4,0.9741,0.920335285282135,0.3515862382888794
mnist_vib_beta_0_003,mnist,vib,0.003,gaussian,0.0,0.9926,0.994605892086029,0.01845323557406664
mnist_vib_beta_0_003,mnist,vib,0.003,gaussian,0.1,0.9923,0.992760941028595,0.029005426447093488
mnist_vib_beta_0_003,mnist,vib,0.003,gaussian,0.2,0.9859,0.9801356503486633,0.08953789074420929
mnist_vib_beta_0_003,mnist,vib,0.003,gaussian,0.3,0.9138,0.8860354873657227,0.4336178297996521
mnist_vib_beta_0_003,mnist,vib,0.003,gaussian,0.4,0.6468,0.7238677909851075,0.9473162601470947
mnist_vib_beta_0_003,mnist,vib,0.003,salt_pepper,0.0,0.9926,0.994605892086029,0.01845323557406664
mnist_vib_beta_0_003,mnist,vib,0.003,salt_pepper,0.1,0.9847,0.9877490753173828,0.04480112575292587
mnist_vib_beta_0_003,mnist,vib,0.003,salt_pepper,0.2,0.9644,0.9667965516090393,0.11694752987623215
mnist_vib_beta_0_003,mnist,vib,0.003,salt_pepper,0.3,0.9083,0.9237569942474365,0.26024710659980776
mnist_vib_beta_0_003,mnist,vib,0.003,salt_pepper,0.4,0.8145,0.8649928540229798,0.44971451420784
mnist_vib_beta_0_003,mnist,vib,0.003,blur,0.0,0.9926,0.994605892086029,0.01845323557406664
mnist_vib_beta_0_003,mnist,vib,0.003,blur,0.1,0.9865,0.9719877717971802,0.14048557702302933
mnist_vib_beta_0_003,mnist,vib,0.003,blur,0.2,0.9865,0.9719877717971802,0.14048557702302933
mnist_vib_beta_0_003,mnist,vib,0.003,blur,0.3,0.9257,0.7800172881126404,0.8585421303749085
mnist_vib_beta_0_003,mnist,vib,0.003,blur,0.4,0.9257,0.7800172881126404,0.8585421303749085
mnist_vib_beta_0_003,mnist,vib,0.003,contrast,0.0,0.9926,0.994605892086029,0.01845323557406664
mnist_vib_beta_0_003,mnist,vib,0.003,contrast,0.1,0.9914,0.9928321663856506,0.029564262434840203
mnist_vib_beta_0_003,mnist,vib,0.003,contrast,0.2,0.9913,0.987179580783844,0.0638604352414608
mnist_vib_beta_0_003,mnist,vib,0.003,contrast,0.3,0.9878,0.9631029260635376,0.18664827961921693
mnist_vib_beta_0_003,mnist,vib,0.003,contrast,0.4,0.977,0.9000325614929199,0.46553549146652223
mnist_vib_beta_0_01,mnist,vib,0.01,gaussian,0.0,0.9936,0.995905270576477,0.013171857607737184
mnist_vib_beta_0_01,mnist,vib,0.01,gaussian,0.1,0.9919,0.9946610140800476,0.019603275215625764
mnist_vib_beta_0_01,mnist,vib,0.01,gaussian,0.2,0.9881,0.9870341393470764,0.06007427269220352
mnist_vib_beta_0_01,mnist,vib,0.01,gaussian,0.3,0.9347,0.9116114091873169,0.3530339227676392
mnist_vib_beta_0_01,mnist,vib,0.01,gaussian,0.4,0.6738,0.7365960409164428,0.9011881387710571
mnist_vib_beta_0_01,mnist,vib,0.01,salt_pepper,0.0,0.9936,0.995905270576477,0.013171857607737184
mnist_vib_beta_0_01,mnist,vib,0.01,salt_pepper,0.1,0.9857,0.9909348825454712,0.030609209232032298
mnist_vib_beta_0_01,mnist,vib,0.01,salt_pepper,0.2,0.9698,0.9753159522056579,0.08485363206863403
mnist_vib_beta_0_01,mnist,vib,0.01,salt_pepper,0.3,0.9243,0.9378159494400025,0.20673271176815033
mnist_vib_beta_0_01,mnist,vib,0.01,salt_pepper,0.4,0.8423,0.883239050579071,0.38003922724723815
mnist_vib_beta_0_01,mnist,vib,0.01,blur,0.0,0.9936,0.995905270576477,0.013171857607737184
mnist_vib_beta_0_01,mnist,vib,0.01,blur,0.1,0.9857,0.9821553615570069,0.07847613867223263
mnist_vib_beta_0_01,mnist,vib,0.01,blur,0.2,0.9857,0.9821553615570069,0.07847613867223263
mnist_vib_beta_0_01,mnist,vib,0.01,blur,0.3,0.8878,0.8434894208908081,0.5933640720367431
mnist_vib_beta_0_01,mnist,vib,0.01,blur,0.4,0.8878,0.8434894208908081,0.5933640720367431
mnist_vib_beta_0_01,mnist,vib,0.01,contrast,0.0,0.9936,0.995905270576477,0.013171857607737184
mnist_vib_beta_0_01,mnist,vib,0.01,contrast,0.1,0.9932,0.9940267557144165,0.02378520285859704
mnist_vib_beta_0_01,mnist,vib,0.01,contrast,0.2,0.9915,0.9867029208183289,0.06802755161523819
mnist_vib_beta_0_01,mnist,vib,0.01,contrast,0.3,0.9849,0.9502402055740357,0.2526585788726807
mnist_vib_beta_0_01,mnist,vib,0.01,contrast,0.4,0.972,0.8702692735671997,0.584545152425766
mnist_vib_beta_0_03,mnist,vib,0.03,gaussian,0.0,0.9939,0.9971068716049194,0.009881220598891377
mnist_vib_beta_0_03,mnist,vib,0.03,gaussian,0.1,0.9927,0.995907052230835,0.015658811431750654
mnist_vib_beta_0_03,mnist,vib,0.03,gaussian,0.2,0.9879,0.9885238374710082,0.053072612351179126
mnist_vib_beta_0_03,mnist,vib,0.03,gaussian,0.3,0.9313,0.9109613886833191,0.3552445463180542
mnist_vib_beta_0_03,mnist,vib,0.03,gaussian,0.4,0.6558,0.7340572372436523,0.940102507019043
mnist_vib_beta_0_03,mnist,vib,0.03,salt_pepper,0.0,0.9939,0.9971068716049194,0.009881220598891377
mnist_vib_beta_0_03,mnist,vib,0.03,salt_pepper,0.1,0.9866,0.9911726351737976,0.0291963566172868
mnist_vib_beta_0_03,mnist,vib,0.03,salt_pepper,0.2,0.9686,0.9756524890899658,0.08327531941831112
mnist_vib_beta_0_03,mnist,vib,0.03,salt_pepper,0.3,0.9293,0.9410026443481445,0.1997025391101837
mnist_vib_beta_0_03,mnist,vib,0.03,salt_pepper,0.4,0.8584,0.8892168453216552,0.37288715863227845
mnist_vib_beta_0_03,mnist,vib,0.03,blur,0.0,0.9939,0.9971068716049194,0.009881220598891377
mnist_vib_beta_0_03,mnist,vib,0.03,blur,0.1,0.9818,0.9821322972297668,0.07537300763279199
mnist_vib_beta_0_03,mnist,vib,0.03,blur,0.2,0.9818,0.9821322972297668,0.07537300763279199
mnist_vib_beta_0_03,mnist,vib,0.03,blur,0.3,0.8086,0.8331340790748596,0.5911458507537842
mnist_vib_beta_0_03,mnist,vib,0.03,blur,0.4,0.8086,0.8331340790748596,0.5911458507537842
mnist_vib_beta_0_03,mnist,vib,0.03,contrast,0.0,0.9939,0.9971068716049194,0.009881220598891377
mnist_vib_beta_0_03,mnist,vib,0.03,contrast,0.1,0.9938,0.9952863025665283,0.02064703818336129
mnist_vib_beta_0_03,mnist,vib,0.03,contrast,0.2,0.9911,0.9854058000564575,0.07742199876308441
mnist_vib_beta_0_03,mnist,vib,0.03,contrast,0.3,0.9827,0.9505427965164185,0.2486199540615082
mnist_vib_beta_0_03,mnist,vib,0.03,contrast,0.4,0.9708,0.8817212894439698,0.5403606628417968
mnist_vib_beta_0_1,mnist,vib,0.1,gaussian,0.0,0.9938,0.995496022605896,0.018696591034531595
mnist_vib_beta_0_1,mnist,vib,0.1,gaussian,0.1,0.9921,0.9928359411239625,0.03483852745890617
mnist_vib_beta_0_1,mnist,vib,0.1,gaussian,0.2,0.978,0.9680437751770019,0.14894499361515046
mnist_vib_beta_0_1,mnist,vib,0.1,gaussian,0.3,0.7971,0.81099212474823,0.6969079504966735
mnist_vib_beta_0_1,mnist,vib,0.1,gaussian,0.4,0.461,0.6339511747360229,1.2658412029266357
mnist_vib_beta_0_1,mnist,vib,0.1,salt_pepper,0.0,0.9938,0.995496022605896,0.018696591034531595
mnist_vib_beta_0_1,mnist,vib,0.1,salt_pepper,0.1,0.974,0.9745473816871643,0.09014265534877777
mnist_vib_beta_0_1,mnist,vib,0.1,salt_pepper,0.2,0.9094,0.919060125541687,0.26363055567741395
mnist_vib_beta_0_1,mnist,vib,0.1,salt_pepper,0.3,0.8089,0.8578180013656617,0.45646917614936827
mnist_vib_beta_0_1,mnist,vib,0.1,salt_pepper,0.4,0.6979,0.8045455528259278,0.6370839484214783
mnist_vib_beta_0_1,mnist,vib,0.1,blur,0.0,0.9938,0.995496022605896,0.018696591034531595
mnist_vib_beta_0_1,mnist,vib,0.1,blur,0.1,0.9837,0.9769591265678406,0.10797433470487594
mnist_vib_beta_0_1,mnist,vib,0.1,blur,0.2,0.9837,0.9769591265678406,0.10797433470487594
mnist_vib_beta_0_1,mnist,vib,0.1,blur,0.3,0.8686,0.8011152575492859,0.7176581132888794
mnist_vib_beta_0_1,mnist,vib,0.1,blur,0.4,0.8686,0.8011152575492859,0.7176581132888794
mnist_vib_beta_0_1,mnist,vib,0.1,contrast,0.0,0.9938,0.995496022605896,0.018696591034531595
mnist_vib_beta_0_1,mnist,vib,0.1,contrast,0.1,0.9917,0.9900876000404358,0.0525750418305397
mnist_vib_beta_0_1,mnist,vib,0.1,contrast,0.2,0.9841,0.959674098777771,0.20413128747940062
mnist_vib_beta_0_1,mnist,vib,0.1,contrast,0.3,0.9709,0.8994223653793335,0.46047728757858275
mnist_vib_beta_0_1,mnist,vib,0.1,contrast,0.4,0.954,0.8140898788452149,0.7795279726028442
mnist_vib_beta_0_3,mnist,vib,0.3,gaussian,0.0,0.991,0.982272589302063,0.10790164349079132
mnist_vib_beta_0_3,mnist,vib,0.3,gaussian,0.1,0.9909,0.9698219306945801,0.17765940389633178
mnist_vib_beta_0_3,mnist,vib,0.3,gaussian,0.2,0.9828,0.9172236986160278,0.41293981761932375
mnist_vib_beta_0_3,mnist,vib,0.3,gaussian,0.3,0.8761,0.7063284727096557,1.0739681336402893
mnist_vib_beta_0_3,mnist,vib,0.3,gaussian,0.4,0.5916,0.48881156616210936,1.6106310585021972
mnist_vib_beta_0_3,mnist,vib,0.3,salt_pepper,0.0,0.991,0.982272589302063,0.10790164349079132
mnist_vib_beta_0_3,mnist,vib,0.3,salt_pepper,0.1,0.9609,0.936508680152893,0.2668290454864502
mnist_vib_beta_0_3,mnist,vib,0.3,salt_pepper,0.2,0.8936,0.8435837015151978,0.5701784798622132
mnist_vib_beta_0_3,mnist,vib,0.3,salt_pepper,0.3,0.8113,0.7341677361488342,0.9003348941802979
mnist_vib_beta_0_3,mnist,vib,0.3,salt_pepper,0.4,0.7157,0.632079313659668,1.1847333213806153
mnist_vib_beta_0_3,mnist,vib,0.3,blur,0.0,0.991,0.982272589302063,0.10790164349079132
mnist_vib_beta_0_3,mnist,vib,0.3,blur,0.1,0.9739,0.9146246835708618,0.41396846251487734
mnist_vib_beta_0_3,mnist,vib,0.3,blur,0.2,0.9739,0.9146246835708618,0.41396846251487734
mnist_vib_beta_0_3,mnist,vib,0.3,blur,0.3,0.7158,0.6610350290298462,1.1898481769561768
mnist_vib_beta_0_3,mnist,vib,0.3,blur,0.4,0.7158,0.6610350290298462,1.1898481769561768
mnist_vib_beta_0_3,mnist,vib,0.3,contrast,0.0,0.991,0.982272589302063,0.10790164349079132
mnist_vib_beta_0_3,mnist,vib,0.3,contrast,0.1,0.9911,0.9520668898582458,0.2746227882385254
mnist_vib_beta_0_3,mnist,vib,0.3,contrast,0.2,0.9823,0.8561898776054382,0.6672642332077027
mnist_vib_beta_0_3,mnist,vib,0.3,contrast,0.3,0.9736,0.7668793886184693,0.977675830078125
mnist_vib_beta_0_3,mnist,vib,0.3,contrast,0.4,0.9621,0.6575554702758789,1.307543518447876
mnist_vib_beta_1,mnist,vib,1.0,gaussian,0.0,0.641,0.11077626904249191,2.3007328811645507
mnist_vib_beta_1,mnist,vib,1.0,gaussian,0.1,0.5906,0.11029480271339416,2.300818340682983
mnist_vib_beta_1,mnist,vib,1.0,gaussian,0.2,0.4553,0.10937930405139923,2.3009848526000978
mnist_vib_beta_1,mnist,vib,1.0,gaussian,0.3,0.2662,0.1077566081404686,2.3012546249389647
mnist_vib_beta_1,mnist,vib,1.0,gaussian,0.4,0.1395,0.10709042935371399,2.3013382301330565
mnist_vib_beta_1,mnist,vib,1.0,salt_pepper,0.0,0.641,0.11077626904249191,2.3007328811645507
mnist_vib_beta_1,mnist,vib,1.0,salt_pepper,0.1,0.579,0.11027500264644623,2.300805577850342
mnist_vib_beta_1,mnist,vib,1.0,salt_pepper,0.2,0.4649,0.10932255100011826,2.300996940231323
mnist_vib_beta_1,mnist,vib,1.0,salt_pepper,0.3,0.362,0.10844952044487,2.301165298461914
mnist_vib_beta_1,mnist,vib,1.0,salt_pepper,0.4,0.2804,0.1077853227853775,2.301279899978638
mnist_vib_beta_1,mnist,vib,1.0,blur,0.0,0.641,0.11077626904249191,2.3007328811645507
mnist_vib_beta_1,mnist,vib,1.0,blur,0.1,0.4165,0.10989293203353882,2.300894462966919
mnist_vib_beta_1,mnist,vib,1.0,blur,0.2,0.4165,0.10989293203353882,2.300894462966919
mnist_vib_beta_1,mnist,vib,1.0,blur,0.3,0.167,0.11103985673189164,2.300837536239624
mnist_vib_beta_1,mnist,vib,1.0,blur,0.4,0.167,0.11103985673189164,2.300837536239624
mnist_vib_beta_1,mnist,vib,1.0,contrast,0.0,0.641,0.11077626904249191,2.3007328811645507
mnist_vib_beta_1,mnist,vib,1.0,contrast,0.1,0.577,0.11009239587783813,2.300861893081665
mnist_vib_beta_1,mnist,vib,1.0,contrast,0.2,0.4329,0.10897971770763397,2.301059881591797
mnist_vib_beta_1,mnist,vib,1.0,contrast,0.3,0.307,0.10828680980205536,2.301186921310425
mnist_vib_beta_1,mnist,vib,1.0,contrast,0.4,0.2007,0.10800546473264694,2.301263274765015
